"name","url"
"Förderung und Aufrecherhaltung einer vielfältigen Lehre an der EMAU Greifswald","https://www.openpetition.eu/petition/online/foerderung-und-aufrecherhaltung-einer-vielfaeltigen-lehre-an-der-emau-greifswald"
"Förderung und Aufrecherhaltung einer vielfältigen Lehre an der EMAU Greifswald","https://www.openpetition.eu/petition/online/foerderung-und-aufrecherhaltung-einer-vielfaeltigen-lehre-an-der-emau-greifswald"
"Rettet die Vereinsfeste!","https://www.openpetition.eu/at/petition/online/rettet-die-vereinsfeste"
"Unser Gesundheitssystem braucht mehr!","https://www.openpetition.eu/at/petition/online/unser-gesundheitssystem-braucht-mehr"
"Petition für eine humanitär agierende Schweiz im Rahmen der aktuellen Flüchtlingstragödie","https://www.openpetition.eu/ch/petition/online/petition-fuer-eine-humanitaer-agierende-schweiz-im-rahmen-der-aktuellen-fluechtlingstragoedie"
"Pro Krankenhaus Spittal","https://www.openpetition.eu/at/petition/online/pro-krankenhaus-spittal"
"Errichtung einer Lärmschutzwand entlang der A3 im Gemeindegebiet Großhöflein/Müllendorf!","https://www.openpetition.eu/at/petition/online/errichtung-einer-larmschutzwand-fur-grosshoflein-entlang-der-a3"
"Kein AKW-Neubau in Paks/Ungarn!","https://www.openpetition.eu/at/petition/online/kein-akw-neubau-in-paks-ungarn"
"Gegen eine Verschlechterung der Zugverbindungen auf der Aspangbahn","https://www.openpetition.eu/at/petition/online/gegen-eine-verschlechterung-der-zugverbindungen-auf-der-aspangbahn"
"PETITION für den Erhalt der AKADEMIE GRAZ","https://www.openpetition.eu/at/petition/online/petition-fuer-den-erhalt-der-akademie-graz"
"Bodenschutz fuer Wien","https://www.openpetition.eu/at/petition/online/bodenschutz-fuer-wien"
"Wir retten das Luisen Krankenhaus","https://www.openpetition.eu/petition/online/wir-retten-das-luisen-krankenhaus"
"Keine neuen Atomreaktoren in Temelin und Dukovany!","https://www.openpetition.eu/petition/online/keine-neuen-atomreaktoren-in-temelin-und-dukovany"
"VOR Zone 100 für Leopoldsdorf - JA zur Öffi Card","https://www.openpetition.eu/at/petition/online/vor-zone-100-fuer-leopoldsdorf-ja-zur-oeffi-card"
"The Wall Of Fame - L'UNIQUE Basel","https://www.openpetition.eu/ch/petition/online/the-wall-of-fame-lunique-basel"
"Nicht alles Neue ist gut – Schützt das Einkaufserlebnis in der Klagenfurter Innenstadt!","https://www.openpetition.eu/at/petition/online/nicht-alles-neue-ist-gut-schuetzt-das-einkaufserlebnis-in-der-klagenfurter-innenstadt"
"Aktion zur Rettung des Kulturgutes Uhudler im Südburgenland","https://www.openpetition.eu/at/petition/online/aktion-zur-rettung-des-kulturgutes-uhudler-im-suedburgenland"
"Mehr Sicherheit für unsere Kinder im Schulbus","https://www.openpetition.eu/at/petition/online/mehr-sicherheit-fuer-unsere-kinder-im-schulbus"
"Stopp der Bundesheer-Zerstörung! Für ein sicheres Österreich!","https://www.openpetition.eu/petition/online/stopp-der-bundesheer-zerstoerung-fuer-ein-sicheres-oesterreich"
"Wir fordern den Rücktritt der österreichischen Bundesregierung und sofortige Neuwahlen","https://www.openpetition.eu/at/petition/online/wir-fordern-den-ruecktritt-der-oesterreichischen-bundesregierung-und-sofortige-neuwahlen"
"Nein zum Verkauf des ""Traude Dierdorf"" Stadtheims","https://www.openpetition.eu/at/petition/online/nein-zum-verkauf-des-traude-dierdorf-stadtheims"
"Unabhängige Untersuchungskommission für KESB und KOKES","https://www.openpetition.eu/ch/petition/online/unabhaengige-untersuchungskommission-fuer-kesb-und-kokes"
"Mehr Betreuungsressourcen für den Kindergarten Hornstein","https://www.openpetition.eu/at/petition/online/mehr-betreuungsressourcen-fuer-den-kindergarten-hornstein"
"Heimkinder wollen Gerechtigkeit","https://www.openpetition.eu/at/petition/online/heimkinder-wollen-gerechtigkeit"
"Kein neuer Atom-Reaktor in Bohunice/Slowakei!","https://www.openpetition.eu/petition/online/kein-neuer-atom-reaktor-in-bohunice-slowakei"
"Copa Beach soll bleiben","https://www.openpetition.eu/at/petition/online/copa-beach-soll-bleiben"
"Zurück zu altershomogenen Gruppen im Kindergarten Hornstein","https://www.openpetition.eu/at/petition/online/zurueck-zu-altershomogenen-gruppen-im-kindergarten-hornstein"
"Sommerferien kürzen","https://www.openpetition.eu/at/petition/online/sommerferien-kuerzen"
"Für mehr Staatskunde an Berner Schulen","https://www.openpetition.eu/ch/petition/online/fuer-mehr-staatskunde-an-berner-schulen"
"Fußgänger Ampel in Klagenfurt","https://www.openpetition.eu/at/petition/online/fussgaenger-ampel-in-klagenfurt"
"Keine neuen Atomkraftwerke mehr - weltweit!","https://www.openpetition.eu/petition/online/keine-neuen-atomkraftwerke-mehr-weltweit"
"Abzug sämtlicher amerikanischen Einheiten aus Europa.","https://www.openpetition.eu/ch/petition/online/abzug-saemtlicher-amerikanischen-einheiten-aus-europa"
"Abzug aller US- und UK-Truppen sowie US-Befehlsstellen aus Deutschland!","https://www.openpetition.de/petition/online/abzug-aller-us-und-uk-truppen-sowie-us-befehlsstellen-aus-deutschland"
"Kölner Fernbusbahnhof nicht an den Stadtrand legen - gegen Fernbusverbot in Köln !","https://www.openpetition.de/petition/online/koelner-fernbusbahnhof-nicht-an-den-stadtrand-legen-gegen-fernbusverbot-in-koeln"
"ARD, ZDF ... so GEZ nicht weiter! ZahlungsZWANG STOP! RundfunkREFORM JETZT! (Bayern)","https://www.openpetition.de/petition/online/ard-zdf-so-gez-nicht-weiter-bayern"
"Für den Erhalt des privaten Sammelns // For preserving the right to privately collect","https://www.openpetition.de/petition/online/fuer-den-erhalt-des-privaten-sammelns"
"Öffnet die Grenze - Kobanê muss leben!","https://www.openpetition.de/petition/online/oeffnet-die-grenze-kobane-muss-leben"
"Wiedereinführung der Grenzkontrollen an den EU-Binnengrenzen","https://www.openpetition.de/petition/online/wiedereinfuehrung-der-grenzkontrollen-an-den-deutschen-landesgrenzen"
"Petition: Linie 9 muss bleiben! Statt stilllegen mit der Straßenbahn zum Cospudener See","https://www.openpetition.de/petition/online/mit-der-linie-9-zum-cospudener-see-connewitz-markkleeberg-nicht-vom-strassenbahnnetz-abklemmen"
"München Viehhof, Erhalt und Koexistenz: Gewerbe und Kino-Open-Air-Kultur-Festival müssen bleiben!","https://www.openpetition.de/petition/online/muenchen-viehhof-erhalt-und-koexistenz-gewerbe-und-kino-open-air-kultur-festival-muessen-bleiben"
"Pro Konstanzer Flugplatz","https://www.openpetition.de/petition/online/pro-konstanzer-flugplatz"
"Keine Zwangsexmatrikulationen – für ein kritisches und angeregtes Studium!","https://www.openpetition.de/petition/online/keine-zwangsexmatrikulationen-fur-ein-kritisches-und-angeregtes-studium"
"Rostock: Die Schleuse am Mühlendamm darf nicht zugeschüttet werden!","https://www.openpetition.de/petition/online/rostock-die-schleuse-am-muehlendamm-darf-nicht-zugeschuettet-werden"
"Das Verbot Von Tieren Im Zirkus Ist Lange Überfällig ! Handeln Sie Jetzt !","https://www.openpetition.de/petition/online/das-verbot-von-tieren-im-zirkus-ist-lange-ueberfaellig-handeln-sie-jetzt"
"Gegen das Einschläfern von Rottweiler Pascha aus Duisburg: ""Bitte lasst mich nicht sterben!""","https://www.openpetition.de/petition/online/gegen-das-einschlaefern-von-rottweiler-pascha-aus-duisburg"
"Das Tierheim auf Santorini in akuter Gefahr","https://www.openpetition.de/petition/online/das-tierheim-auf-santorini-in-akuter-gefahr"
"Spesensätze für das Fahrpersonal erhöhen","https://www.openpetition.de/petition/online/spesensaetze-fuer-das-fahrpersonal-erhoehen"
"Gegen Zulassungsbeschränkungen vor dem Referendariat","https://www.openpetition.de/petition/online/gegen-zulassungsbeschraenkungen-vor-dem-referendariat"
"HAUS DER STADTKULTUR: Stadtmuseum ins Alte Gericht! Keine Umnutzung für „hochwertiges Wohnen“","https://www.openpetition.de/petition/online/haus-der-stadtkultur-stadtmuseum-ins-alte-gericht-keine-umnutzung-fuer-hochwertiges-wohnen"
"Kein Mäusegift in der Landwirtschaft","https://www.openpetition.de/petition/online/kein-maeusegift-in-der-landwirtschaft"
"Keine Autobahn durch die Lechauen","https://www.openpetition.de/petition/online/keine-autobahn-durch-die-lechauen"
"Abschaffung der Hunde-Rasseliste in Nordrhein-Westfalen","https://www.openpetition.de/petition/online/abschaffung-der-hunde-rasseliste-in-nordrhein-westfalen"
"Bürgerinitiative „Keine Mülldeponie im Steinbruch“ Mainz","https://www.openpetition.de/petition/online/buergerinitiative-keine-muelldeponie-im-steinbruch-mainz"
"Gemeinsame Erklärung gegen die Nennung der VVN/BdA im Bayerischen Verfassungsschutzbericht","https://www.openpetition.de/petition/online/gemeinsame-erklaerung-gegen-die-nennung-der-vvn-bda-im-bayerischen-verfassungsschutzbericht"
"Steuerfreibetrag bei Ausübung eines Ehrenamts und Rentenpunkt für langjährig ehrenamtlich Tätige","https://www.openpetition.de/petition/online/steuerfreibetrag-bei-ausuebung-eines-ehrenamts-und-rentenpunkt-fuer-langjaehrig-ehrenamtlich-taetige"
"Faire Zukunftschancen für alle - Zugang zu Schule auch für neu zugewanderte Migranten Ü18","https://www.openpetition.de/petition/online/faire-zukunftschancen-fuer-alle-zugang-zu-schule-auch-fuer-neu-zugewanderte-migranten-ue18"
"Teilhabegesetz JETZT!!!-2","https://www.openpetition.de/petition/online/teilhabegesetz-jetzt-2"
"Bundeskanzlerin Merkel, setzen Sie sich für die sofortige Schließung des AKW Cattenom ein","https://www.openpetition.de/petition/online/bundeskanzlerin-merkel-setzen-sie-sich-fuer-die-sofortige-schliessung-des-akw-cattenom-ein"
"Staatliche Anerkennung des Bachelor of Social Work der Hogeschool van Arnhem en Nijmegen","https://www.openpetition.de/petition/online/staatliche-anerkennung-des-bachelor-of-social-work-der-hogeschool-van-arnhem-en-nijmegen"
"Der Deutsche Bundestag soll ein Mindesthonorar für selbstständige LehrerInnen einführen","https://www.openpetition.de/petition/online/der-deutsche-bundestag-soll-ein-mindesthonorar-fuer-selbststaendige-lehrerinnen-einfuehren"
"Die traditionsreiche Architekturschule muss im Münchner Kunstareal bleiben!","https://www.openpetition.de/petition/online/die-traditionsreiche-architekturschule-muss-im-muenchner-kunstareal-bleiben"
"Wir fordern die Volksabstimmung","https://www.openpetition.de/petition/online/wir-fordern-die-volksabstimmung"
"Rettet die Musikakademie Kürnbach","https://www.openpetition.de/petition/online/rettet-die-musikakademie-kuernbach"
"Stadt Frankfurt: Vermieten Sie keine städtischen Flächen an Zirkusbetriebe, die Wildtiere mitführen!","https://www.openpetition.de/petition/online/stadt-frankfurt-vermieten-sie-keine-staedtischen-flaechen-an-zirkusbetriebe-die-wildtiere-mitfuehren"
"Bestandsschutz und Baurecht für den SPREEWALD-NATUR-CAMPING ""Am Schlosspark"" in Lübbenau/Spreewald","https://www.openpetition.de/petition/online/bestandsschutz-und-baurecht-fuer-den-spreewald-natur-camping-am-schlosspark-in-luebbenau-spreewald"
"Sofortige Schließung der Schliefanlage in Südlohn-Oeding. Keine Ausnahmegenehmigung für Tierquälerei","https://www.openpetition.de/petition/online/sofortige-schliessung-der-schliefanlage-in-suedlohn-oeding-keine-ausnahmegenehmigung-fuer-tierquaele"
"Recht auf Wohnung - Schluss mit HARTZ IV: Armut und Obdachlosigkeit.","https://www.openpetition.de/petition/online/recht-auf-wohnung-obdachlosigkeit-in-deutschland-beenden"
"Gegen die mögliche Y-Trassenvariante (Güterverkehr) über die aktuelle Heidebahn-Strecke","https://www.openpetition.de/petition/online/gegen-die-moegliche-y-trassenvariante-gueterverkehr-ueber-die-aktuelle-heidebahn-strecke"
"Ein klares NEIN zum Ponykarussell auf dem hannoverschen Schützenfest / allen Volksfesten","https://www.openpetition.de/petition/online/ein-klares-nein-zum-ponykarussel-auf-dem-hannoverschen-schuetzenfest"
"Abschaffung von Tierversuchen","https://www.openpetition.de/petition/online/abschaffung-von-tierversuchen"
"Misstrauensvotum gegen Frau Bundeskanzlerin Angela Merkel wegen ihrer desaströsen Flüchtlingspolitik","https://www.openpetition.de/petition/online/misstrauensvotum-gegen-frau-bundeskanzlerin-angela-merkel-wegen-ihrer-desastroesen-fluechtlingspolit"
"Umsteigen im Münchner Hauptbahnhof leichter machen – Bau einer zusätzlichen Bahnsteigverbindung","https://www.openpetition.de/petition/online/umsteigen-im-muenchner-hauptbahnhof-leichter-machen-bau-einer-zusaetzlichen-bahnsteigverbindung"
"Kein Zughalt mehr in Oberhof...nicht mit uns","https://www.openpetition.de/petition/online/kein-zughalt-mehr-in-oberhof-nicht-mit-uns"
"DB-Servicestelle im Bahnhof Rüdesheim am Rhein erhalten!","https://www.openpetition.de/petition/online/db-servicestelle-im-bahnhof-ruedesheim-am-rhein-erhalten"
"Anerkennung des E-Sports in Deutschland als Sportart","https://www.openpetition.de/petition/online/anerkennung-des-e-sports-in-deutschland-als-sportart"
"Gleichstellung aller ehrenamtlicher Helfer im Rettungswesen !!!","https://www.openpetition.de/petition/online/gleichstellung-aller-ehrenamtlicher-helfer-im-rettungswesen"
"Langenlonsheim wehrt sich gegen 3000 Flüchtlinge in einer 4000  Einwohner Gemeinde","https://www.openpetition.de/petition/online/langenlonsheim-wehrt-sich-gegen-3000-fluechtlinge-in-einer-4000-einwohner-gemeinde"
"Stoppt Projekt 10 / 17! – Für eine dauerhafte Tunnellösung der Linie 10 nach Ahlem!","https://www.openpetition.de/petition/online/stoppt-projekt-10-17-fuer-eine-dauerhafte-tunnelloesung-der-linie-10-nach-ahlem"
"Peter Brüser - Ehrenbürger der Gemeinde Wenden","https://www.openpetition.de/petition/online/peter-brueser-ehrenbuerger-der-gemeinde-wenden"
"Schutz der Soester Saatkrähen vor sinnlosen Vergrämungsaktionen durch Stadt und einzelne Bürger","https://www.openpetition.de/petition/online/schutz-der-soester-saatkraehen-vor-sinnlosen-vergraemungsaktionen-durch-stadt-und-einzelne-buerger"
"Petition gegen die Abordnungen der Sonderpädadogen an der Gemeinschaftsgrundschule Hebbelstraße","https://www.openpetition.de/petition/online/petition-gegen-die-abordnungen-der-sonderpaedadogen-an-der-gemeinschaftsgrundschule-hebbelstrasse"
"Stadtrat Wilde: Wir möchten bleiben - bitte helfen Sie uns!","https://www.openpetition.de/petition/online/stadtrat-wilde-wir-moechten-bleiben-bitte-helfen-sie-uns"
"fossilfreie Zukunft für Hamm – Bürgeranregung für Klimaschutz und gegen Gasbohren unterstützen","https://www.openpetition.de/petition/online/fossilfreie-zukunft-fuer-hamm-buergeranregung-fuer-klimaschutz-und-gegen-gasbohren-unterstuetzen"
"StandKlimaanlage  in allen Lkws","https://www.openpetition.de/petition/online/standklimaanlage-in-allen-lkws"
"Kein 23-Meter-Bettenturm am Kronberger Bahnhof","https://www.openpetition.de/petition/online/kein-23-meter-bettenturm-am-kronberger-bahnhof"
"Mehr Rechte, faire Gagen und soziale Absicherung darstellender Künstler","https://www.openpetition.de/petition/online/mehr-rechte-und-soziale-absicherung-darstellender-kuenstler"
"„Ring frei“ – sofortige Aufhebung der Benutzungspflicht des Radwegs auf den Kölner Ringen!","https://www.openpetition.de/petition/online/ring-frei-sofortige-aufhebung-der-benutzungspflicht-des-radwegs-auf-den-koelner-ringen"
"Rettung der Alten Post","https://www.openpetition.de/petition/online/rettung-der-alten-post"
"Zurückzahlen! Deutschland muss endlich seine bestehenden Kreditschulden an Griechenland begleichen.","https://www.openpetition.de/petition/online/zuruckzahlen-deutschland-muss-endlich-seine-bestehenden-kreditschulden-an-griechenland-begleichen"
"Wiederaufbau Narrenhäusel am Neustädter Markt in Dresden","https://www.openpetition.de/petition/online/wiederaufbau-narrenhaeusel-am-neustaedter-markt-in-dresden"
"Sofortiger Aufnahmestopp von Flüchtlingen in Deutschland","https://www.openpetition.de/petition/online/sofortiger-aufnahmestopp-von-fluechtlingen-in-deutschland"
"Keinen Gottesbezug in Schleswig-Holstein!","https://www.openpetition.de/petition/online/keinen-gottesbezug-in-schleswig-holstein"
"Die Familie Elezovikj/Mamutovska soll eine Aufenthaltserlaubnis erhalten","https://www.openpetition.de/petition/online/die-familie-elezovikj-mamutovska-soll-eine-aufenthaltserlaubnis-erhalten"
"Zukunft des Universitätssports","https://www.openpetition.de/petition/online/zukunft-vom-unisportzentrum-fitness-und-kraftsport"
"Stand Klimaanlagen im LKW","https://www.openpetition.de/petition/online/stand-klimaanlagen-im-lkw"
"Langfristige Wiederaufnahme des Pfarramtes von Hr. Pfarrer Lindner in der Pfarrgemeinde Dermbach","https://www.openpetition.de/petition/online/wiederaufnahme-des-pfarramtes-von-hr-pfarrer-lindner-in-der-pfarrgemeinde-dermbach"
"DB-Fernverkehrshalt für Naumburg/Saale, Jena, Weimar und Mitteldeutschland","https://www.openpetition.de/petition/online/db-fernverkehrshalt-fuer-naumburg-saale-jena-weimar-und-mitteldeutschland"
"Gartenschwimmbad Bad Neuenahr-Ahrweiler, geschlossen für immer? Ich bin dagegen!","https://www.openpetition.de/petition/online/gartenschwimmbad-bad-neuenahr-ahrweiler-geschlossen-fuer-immer-ich-bin-dagegen"
"Rettet Juni - Ein Herz für Juni!","https://www.openpetition.de/petition/online/rettet-juni"
"Verbannt die Ponykarusselle aus Speyer!","https://www.openpetition.de/petition/online/verbannt-die-ponykarusselle-aus-speyer"
"Wir wollen einen sofortigen BAUSTOPP von MASSENUNTERKÜNFTEN zur Erstaufnahme von Flüchtlingen.","https://www.openpetition.de/petition/online/wir-wollen-einen-sofortigen-baustopp-von-massenunterkunften-zur-erstaufnahme-von-fluchtlingen"
"Kostenfreiheit Schulweg Bayern","https://www.openpetition.de/petition/online/kostenfreiheit-schulweg-bayern"
"Dem Sachgebietsleiter der Ausländerbehörde Sömmerda umgehend kündigen!","https://www.openpetition.de/petition/online/dem-sachgebietsleiter-der-auslaenderbehoerde-soemmerda-unwiderruflich-kuendigen"
"Sofortige Einstellung der Straßenneuplanung für eine B27 rund um Eglosheim, H4B4 genannt","https://www.openpetition.de/petition/online/sofortige-einstellung-der-strassenneuplanung-fuer-eine-b27-rund-um-eglosheim-h4b4-genannt"
"Umsetzung einer Katzenschutzverordnung für den Landkreis Neuwied","https://www.openpetition.de/petition/online/umsetzung-einer-katzenschutzverordnung-fuer-den-landkreis-neuwied"
"Baumerhalt am Liechtensteinpark in Wien","https://www.openpetition.de/petition/online/baumerhalt-am-lichtensteinpark-in-wien"
"Verbot von Totschlagfallen und Fangeisen jeglicher Art in Deutschland für Tiere aller Art","https://www.openpetition.de/petition/online/verbot-von-totschlagfallen-und-fangeisen-jeglicher-art-in-deutschland-fuer-tiere-aller-art"
"Wir wollen Mode ohne Hund und Hase","https://www.openpetition.de/petition/online/wir-wollen-mode-ohne-hund-und-hase"
"Krankenhaus-Reform? So nicht!","https://www.openpetition.de/petition/online/krankenhaus-reform-so-nicht"
"Wölfe - Kein Töten dieser wundervollen Geschöpfe","https://www.openpetition.de/petition/online/woelfe-kein-toeten-dieser-wundervollen-geschoepfe"
"Volkstheater in die Großmarkthalle,  200 Wohnungen mehr in den Viehhof!","https://www.openpetition.de/petition/online/volkstheater-in-die-grossmarkthalle-200-wohnungen-mehr-in-den-viehhof"
"Zeitarbeit verbieten - Sie dient nur der Ausbeutung","https://www.openpetition.de/petition/online/zeitarbeit-verbieten-sie-dient-nur-der-ausbeutung"
"Für den Erhalt der gebundenen Ganztagsschule in Stuttgart-Süd","https://www.openpetition.de/petition/online/fuer-den-erhalt-der-gebundenen-ganztagsschule-in-stuttgart-sued"
"Kosovaren kämpfen gegen Einbürgerungshürden in Bayern und Sachsen","https://www.openpetition.de/petition/online/kosovaren-kaempfen-gegen-einbuergerungshuerden-in-bayern-und-sachsen"
"""Erhalt der Institution"" / Kultkneipe Jazz-Galerie","https://www.openpetition.de/petition/online/erhalt-der-institution-kultkneipe-jazz-galerie"
"Wir wollen unseren Hundestrand zurück -Keine Leinenpflicht! (Cuxhaven Sahlenburg)","https://www.openpetition.de/petition/online/wir-wollen-unseren-hundestrand-zurueck-cuxhaven-sahlenburg"
"Umsetzung in allen Schulen, vorzugsweise in der Grundschule, Unterricht auf Haustierbetreuung","https://www.openpetition.de/petition/online/umsetzung-in-allen-schulen-vorzugsweise-in-der-grundschule-unterricht-auf-haustierbetreuung"
"Stoppt den geplanten Abriss der Offizierssiedlung in Mannheim-Käfertal - Part II","https://www.openpetition.de/petition/online/stoppt-den-geplanten-abriss-der-offizierssiedlung-in-mannheim-kaefertal-part-ii"
"Der ""Franziskaner"" muss bleiben!","https://www.openpetition.de/petition/online/der-franziskaner-muss-bleiben"
"Abstellen der Ampelanlage am Opel-Kreisel","https://www.openpetition.de/petition/online/abstellen-der-ampelanlage-am-opel-kreisel"
"Bitte sorgen Sie dafür, dass unser Kinderhaus endlich saniert/neu gebaut wird!","https://www.openpetition.de/petition/online/herr-gastberger-einsturzgefahr-sorgen-sie-dafuer-dass-unser-kinderhaus-saniert-neu-gebaut-wird"
"Keine Windkraft im Emmertal","https://www.openpetition.de/petition/online/keine-windkraft-im-emmerthal"
"Doberschwitzer Legebatterie stoppen, keine  Subventionsgelder für Massentierhaltungsanlagen","https://www.openpetition.de/petition/online/industrielle-massentierhaltung-stoppen-keine-subventionsgelder-mehr-fuer-solche-anlagen"
"Sigmar Gabriel, bitte finden Sie eine soziale Lösung und retten Sie 16.000 Arbeitsplätze!","https://www.openpetition.de/petition/online/sigmar-gabriel-bitte-finden-sie-eine-soziale-loesung-und-retten-sie-16-000-arbeitsplaetze"
"Frau Schwesig: Zwillinge sind 2 Kinder! Eltern sollten für jedes Kind Elterngeld erhalten!","https://www.openpetition.de/petition/online/frau-schwesig-zwillinge-sind-2-kinder-eltern-sollten-fuer-jedes-kind-elterngeld-erhalten"
"Gegen die Stromtrasse SuedLink in Schauenburg","https://www.openpetition.de/petition/online/gegen-die-stromtrasse-suedlink-in-schauenburg"
"Sammy Will zu seinem Herrchen  Maik Wiedow Zurück","https://www.openpetition.de/petition/online/sammy-will-zu-sein-besitzern-maik-wiedow-zurueck"
"Unser HGH muss bleiben","https://www.openpetition.de/petition/online/unser-hgh-muss-bleiben"
"Elektrosensible schützen !  Nicht alle Funklöcher schließen !","https://www.openpetition.de/petition/online/nicht-alle-funkloecher-schliessen-ausnahmen-fuer-elektrosensible-belassen"
"Damit KiTa - Plätze in Rheine bezahlbar bleiben!","https://www.openpetition.de/petition/online/damit-kita-plaetze-in-rheine-bezahlbar-bleiben"
"Legale Zugangswege in die EU schaffen - Inhaftierung, Abschiebung und das Sterben verhindern!","https://www.openpetition.de/petition/online/legale-zugangswege-in-die-eu-schaffen-inhaftierung-abschiebung-und-das-sterben-verhindern"
"Hundewiese für Regensburg und Umgebung","https://www.openpetition.de/petition/online/hundewiese-fuer-regensburg-und-umgebung"
"Keine Abschiebung für den Lebensretter Hassan Yahya (Freiburg-Weingarten)","https://www.openpetition.de/petition/online/keine-abschiebung-fuer-den-lebensretter-hassan-yahya-freiburg-weingarten"
"Geschwindigkeitsbegrenzung und geschlossene Bahnschranke","https://www.openpetition.de/petition/online/geschwindigkeitsbegrenzung-und-geschlossene-bahnschranke"
"Wiederzulassung der theoretischen Fahrerlaubnis-Prüfung in arabischer Sprache","https://www.openpetition.de/petition/online/wiederzulassung-der-theoretischen-fahrerlaubnis-pruefung-in-arabischer-sprache"
"Petition zur Verbesserung der Situation von Lehrbeauftragten der Eberhard Karls Universität Tübingen","https://www.openpetition.de/petition/online/petition-zur-verbesserung-der-situation-von-lehrbeauftragten-der-eberhard-karls-universitat-tubingen"
"Bettina Halbey soll in ihrer Wohnung bleiben dürfen - Für eine sofortige Rücknahme der Kündigung!","https://www.openpetition.de/petition/online/bettina-halbey-soll-in-ihrer-wohnung-bleiben-duerfen-fuer-eine-sofortige-ruecknahme-der-kuendigung"
"Erhalt der Integrations-KiTA ""Am Königswald"", Dörnichtweg 34, 01109 Dresden-keine Schließung 2018!","https://www.openpetition.de/petition/online/erhalt-der-intergrations-kita-am-koenigswald-doernichtweg-34-01109-dresden-keine-schliessung-2018"
"#AUSLAGENERSATZ streichen!","https://www.openpetition.de/petition/online/auslagenersatz-streichen"
"Hilfe für den Marktkauf in Ahlen!","https://www.openpetition.de/petition/online/hilfe-fuer-den-marktkauf-in-ahlen"
"Sinnvolle und nachhaltige Präventionsmaßnahmen an der B229 Talstraße-Keine weiteren Verkehrstoten !","https://www.openpetition.de/petition/online/dauerhafte-kontrollen-an-der-b229-talstrasse-luedenscheid-wir-wollen-keine-weiteren-verkehrstoten"
"Betreuungsgeld und Erziehungsfreiheit erhalten!","https://www.openpetition.de/petition/online/betreuungsgeld-und-erziehungsfreiheit-erhalten"
"Für gute Arbeits- und Beschäftigungsbedingungen in der Erziehungswissenschaft!","https://www.openpetition.de/petition/online/fuer-gute-arbeits-und-beschaeftigungsbedingungen-in-der-erziehungswissenschaft"
"Gegen die Veränderung des gültigen Bebauungsplans für Windenergieanlagen in Meckenheim und Rheinbach","https://www.openpetition.de/petition/online/gegen-die-veranderung-des-gultigen-bebauungsplans-fur-windenergieanlagen-in-meckenheim-und-rheinbach"
"Rettet das Schlössle in Haigerloch","https://www.openpetition.de/petition/online/rettet-das-schloessle-in-haigerloch"
"Hundeplatz für Erftstadt","https://www.openpetition.de/petition/online/hundeplatz-fuer-erftstadt"
"Öffnet den Flughafen Tempelhof für das Deutsch-Amerikanische Volksfest!","https://www.openpetition.de/petition/online/oeffnet-den-flughafen-tempelhof-fuer-das-deutsch-amerikanische-volksfest"
"""Bildung statt Rassismus"" - Wir brauchen politische Bildung!","https://www.openpetition.de/petition/online/bildung-statt-rassismus-wir-brauchen-politische-bildung"
"Ebay Abzocke - Gebühr auf Portokosten","https://www.openpetition.de/petition/online/ebay-abzocke-gebuhr-auf-portokosten"
"Erhalt des Karmelitenklosters in Straubing","https://www.openpetition.de/petition/online/erhalt-des-karmelitenklosters-in-straubing"
"Schutz von renaturierter Isar und Natur am Flaucher vor Müll und übermäßiger Freizeitnutzung","https://www.openpetition.de/petition/online/schutz-von-renaturierter-isar-und-natur-am-flaucher-vor-muell-und-uebermaessiger-freizeitnutzung"
"Die Sächsischen Kletterregeln müssen den Wünschen der Kletterer entsprechen!","https://www.openpetition.de/petition/online/die-saechsischen-kletterregeln-muessen-den-wuenschen-der-kletterer-entsprechen"
"Soziale Wohnraumförderung als fester Bestandteil der Ulmer Stadtentwicklung!","https://www.openpetition.de/petition/online/wohnen-ist-menschenrecht-soziale-wohnraumfoerderung-als-fester-bestandteil-ulmer-stadtentwicklung"
"mehr Personal in Kitas für eine bessere Betreuung und Förderung unserer Kinder","https://www.openpetition.de/petition/online/mehr-personal-in-kitas-fuer-eine-bessere-betreuung-und-foerderung-unserer-kinder"
"Wir fordern die Schließung von Deutschlands Grenzen","https://www.openpetition.de/petition/online/wir-fordern-die-schliessung-von-deutschlands-grenzen"
"Gerechte Herabsetzung der Wucher - Fahrpreise der VAG Nürnberg","https://www.openpetition.de/petition/online/gerechte-herabsetzung-der-wucher-fahrpreise-der-vag-nurnberg"
"Rückerstattung von KITA-Gebühren nach 4 Wochen Streik","https://www.openpetition.de/petition/online/rueckerstattung-von-kita-gebuehren-nach-4-wochen-streik"
"Aktion gegen die Nachtabschaltung der Laternen in Meerbusch (Rhein-Kreis Neuss)","https://www.openpetition.de/petition/online/aktion-gegen-die-nachtabschaltung-der-laternen-in-meerbusch-rhein-kreis-neuss"
"Tunnelbauverein Unterjesingen e.V.  -  Der Tunnel ist die beste Lösung","https://www.openpetition.de/petition/online/tunnelbauverein-unterjesingen-e-v-der-tunnel-ist-die-beste-loesung"
"Gerechte Elternbeiträge in der Kinderbetreuung für alle Familien!","https://www.openpetition.de/petition/online/keine-ein-kind-politik-in-springe-keine-gebuehrenerhoehung-fuer-kinderreiche-familien"
"1 % vom 1 % - ""Reichenbesteuerung"" für Flüchtlingshilfe!","https://www.openpetition.de/petition/online/1-vom-1-reichenbesteuerung-fuer-fluechtlingshilfe"
"Verkehrs-Infarkt im Kreis Birkenfeld verhindern – Lebensader B 41 ausbauen: Jetzt!","https://www.openpetition.de/petition/online/verkehrs-infarkt-im-kreis-birkenfeld-verhindern-lebensader-b-41-ausbauen-jetzt"
"Dietmar Nietan, stoppen Sie die Existenzgefährdung der Zeitungszusteller!","https://www.openpetition.de/petition/online/dietmar-nietan-stoppen-sie-die-existenzgefaehrdung-der-zeitungszusteller"
"Kein Gift mehr im Essen ! Chlorverbindungen, Aromaten, Acrylamid, Transfette, nein danke!","https://www.openpetition.de/petition/online/kein-gift-mehr-im-essen-chlorverbindungen-aromaten-acrylamid-transfette-nein-danke"
"Gedenken an den Nobede","https://www.openpetition.de/petition/online/gedenken-an-den-nobede"
"Bahn-Streik Nein Danke! Für ein automatisches Fahrsystem - ohne GDL - ohne Stillstand","https://www.openpetition.de/petition/online/bahn-streik-nein-danke-fur-ein-automatisches-fahrsystem-ohne-gdl-ohne-stillstand"
"Save the Paradise-Der alte Steinbruch in neuem Glanz!","https://www.openpetition.de/petition/online/save-the-paradise-der-alte-steinbruch-in-neuem-glanz"
"Begrünungs-/Urban-Gardeningfläche auf dem Koberg","https://www.openpetition.de/petition/online/begruenungs-urban-gardeningflaeche-auf-dem-koberg"
"Eine Änderung des Gesetzes das verbietet Taschenlampen an Airsoftwaffen zu montieren.","https://www.openpetition.de/petition/online/eine-aenderung-des-gesetzes-das-verbietet-taschenlampen-an-airsoftwaffen-zu-montieren"
"Fussballzentrum Jetzt !!!","https://www.openpetition.de/petition/online/fussballzentrum-jetzt"
"Herr OB Kämpfer, bitte setzten Sie sich für die Interessen der Bewohner des Kieler Grüngürtels ein!","https://www.openpetition.de/petition/online/herr-ob-kampfer-bitte-setzten-sie-sich-fur-die-interessen-der-bewohner-des-kieler-grungurtels-ein"
"Verkehrsgefahr in München-Allach","https://www.openpetition.de/petition/online/verkehrsgefahr-in-allach"
"Bürger sind auf Linie 2 angewiesen!","https://www.openpetition.de/petition/online/buerger-sind-auf-linie-2-angewiesen"
"Schulwegbeleuchtung zwischen Moitzfeld und Herkenrath (Dr. Müller-Frank-Str.)","https://www.openpetition.de/petition/online/schulwegbeleuchtung-zwischen-moitzfeld-und-herkenrath-dr-muller-frank-str"
"Kein neues Baugebiet ""Sälzer Weg"" in Melsungen!","https://www.openpetition.de/petition/online/kein-neues-baugebiet-saelzer-weg-in-melsungen"
"Eine Disco in Steinfurt / Eine für Alle - Alle für Eine / Bist du dabei?","https://www.openpetition.de/petition/online/eine-disco-in-steinfurt-eine-fuer-alle-alle-fuer-eine-bist-du-dabei"
"Keine Umgehungs-Trasse durch das Ammertal bei Unterjesingen!","https://www.openpetition.de/petition/online/keine-umgehungs-trasse-durch-das-ammertal-bei-unterjesingen"
"Aufhebung der Ferienreiseverordnung / FerReisV 1985","https://www.openpetition.de/petition/online/aufhebung-der-ferienreiseverordnung-ferreisv-1985"
"Gegen eine Hähnchenmastanlage in Hardegsen/Hevensen","https://www.openpetition.de/petition/online/gegen-eine-haehnchenmastanlage-in-hardegsen-hevensen"
"Kleinräumige Unterbringung der Asylsuchenden in der Gemeinschaftsunterkunft in Obernburg am Main","https://www.openpetition.de/petition/online/kleinraeumige-unterbringung-der-asylsuchenden-in-der-gemeinschaftsunterkunft-in-obernburg-am-main"
"Kein Ponyreiten auf dem Rodenkircher Markt","https://www.openpetition.de/petition/online/kein-pony-reiten-auf-dem-rodenkirchner-mark"
"Rettung des historischen Postamtes in Markneukirchen","https://www.openpetition.de/petition/online/rettung-des-historischen-postamtes-in-markneukirchen"
"Rettet das Milchhäusla","https://www.openpetition.de/petition/online/rettet-das-milchhaeusla"
"Keine Ehrung für Nazi-Zoodirektor","https://www.openpetition.de/petition/online/keine-ehrung-fuer-nazi-zoodirektor"
"Lebensmittel für Bedürftige","https://www.openpetition.de/petition/online/lebensmittel-reste-fuer-beduerftige"
"Für einen sicheren Ausbau des Feldatalradweges  auf der Bahntrasse im Bereich Diedorf","https://www.openpetition.de/petition/online/fur-einen-sicheren-ausbau-des-feldatalradweges-auf-der-bahntrasse-im-bereich-diedorf"
"Rettet Rheinsteig und Welterbe - Nein zum Windpark bei Lorch/Rheingau","https://www.openpetition.de/petition/online/rettet-rheinsteig-und-welterbe-nein-zum-windpark-bei-lorch-rheingau"
"Für politisch strikte Transparenz statt Schweigen zu Verfahrenspraktiken im Windenergiesektor","https://www.openpetition.de/petition/online/schluss-mit-dem-schweigen-der-politik-zu-krummen-geschaften-in-der-windenergiewirtschaft"
"Bürgerwillen akzeptieren nicht ignorieren Rot/Rot/Grüne Fraktionen wieder an die Leine nehmen","https://www.openpetition.de/petition/online/burgerwillen-akzeptieren-nicht-ignorieren-rot-rot-grune-fraktionen-wieder-an-die-leine-nehmen"
"Gleichstellung von Homosexuellen und Heterosexuellen Menschen","https://www.openpetition.de/petition/online/gleichstellung-von-homosexuellen-und-heterosexuellen-menschen"
"Abschaffung der Höchstgrenzen für die Krankenversicherung der Studierenden","https://www.openpetition.de/petition/online/abschaffung-anderung-des-hochstalters-fur-die-krankenversicherung-der-studenten"
"Gegen weitere geplante Preiserhöhungen der Deutschen Bahn","https://www.openpetition.de/petition/online/gegen-weitere-geplante-preiserhoehungen-der-deutschen-bahn"
"Betreuungsgeld und Erziehungsfreiheit wiedereinführen!","https://www.openpetition.de/petition/online/betreuungsgeld-und-erziehungsfreiheit-wiedereinfuehren"
"Verhindern Sie die Schließung von ""Salateria Rheincenter Weiden"" in Köln!","https://www.openpetition.de/petition/online/verhindern-sie-die-schliessung-von-salateria-rheincenter-weiden-in-koeln"
"Chris' sein Späti darf nicht sterben!","https://www.openpetition.de/petition/online/chris-sein-spaeti-darf-nicht-sterben"
"Stop der Baumfällungen im Kölner Süden!","https://www.openpetition.de/petition/online/stop-der-baumfaellungen-im-koelner-sueden"
"Rettungsgasse kann Leben retten, Rettungsgasse-bilden,","https://www.openpetition.de/petition/online/rettungsgasse-kann-leben-retten-rettungsgasse-bilden"
"Glasfaserausbau München - Schnelles Internet für alle Münchner","https://www.openpetition.de/petition/online/glasfaserausbau-muenchen-schnelles-internet-fuer-alle-muenchner"
"Sicherstellung der kinderärztlichen Notversorgung im Nordkreis des Rhein Erft Kreises","https://www.openpetition.de/petition/online/sicherstellung-der-kinderaerztlichen-notversorgung-im-nordkreis-des-rhein-erft-kreises"
"Frühkindliche Erziehung und Betreuung, optimale Arbeitsbedingungen für eine professionelle Umsetzung","https://www.openpetition.de/petition/online/fruehkindliche-erziehung-und-betreuung-optimale-arbeitsbedingungen-fuer-eine-professionelle-umsetzun"
"Finanzierung der Tiersammelstelle Berlin durch das Land Berlin","https://www.openpetition.de/petition/online/finanzierung-der-tiersammelstelle-berlin-durch-das-land-berlin"
"NEIN danke zum Ponykarussell auf dem Kronacher Schützenfest!!","https://www.openpetition.de/petition/online/nein-danke-zum-ponykarussell-auf-dem-kronacher-schuetzenfest"
"Hamburg braucht Natur! Nein zum Busbetriebshof im Alsterdorfer Gleisdreieck","https://www.openpetition.de/petition/online/hamburg-braucht-natur-nein-zum-busbetriebshof-im-alsterdorfer-gleisdreieck"
"Gegen die Schließung / Teilschließung der Sportanlage ""Am Wasserturm"" in 16227 Eberswalde","https://www.openpetition.de/petition/online/gegen-die-schliessung-teilschliessung-der-sportanlage-am-wasserturm-in-16227-eberswalde"
"Gegen die Ausstrahlung tierschutzrelevanter Sendungen im deutschen Fernsehen","https://www.openpetition.de/petition/online/gegen-die-ausstrahlung-tierschutzrelevanter-sendungen-im-deutschen-fernsehen"
"Das Heilig Geist Hospital in Bensheim muss  erhalten bleiben","https://www.openpetition.de/petition/online/das-heilig-geist-hospital-in-bensheim-muss-erhalten-bleiben"
"Forderung zum Verbot der Entsorgung essbarer Lebensmittel durch Supermärkte","https://www.openpetition.de/petition/online/forderung-zum-verbot-der-entsorgung-essbarer-lebensmittel-durch-supermaerkte"
"Die Pflege im St. Jakobsstift muss bleiben","https://www.openpetition.de/petition/online/die-pflege-im-st-jakobsstift-muss-bleiben"
"Abschaffung der Hunde-Rasseliste in Sachsen-Anhalt","https://www.openpetition.de/petition/online/abschaffung-der-hunde-rasseliste-in-sachsen-anhalt"
"keine weiteren Windräder im Nahebergland","https://www.openpetition.de/petition/online/keine-weiteren-windraeder-im-nahebergland"
"Petition gegen das geplante Verbot der Sterbehilfe","https://www.openpetition.de/petition/online/petition-gegen-das-geplante-verbot-der-sterbehilfe"
"Die Erhaltung des Besucherbergwerks Drei Kronen & Ehrt","https://www.openpetition.de/petition/online/die-erhaltung-des-besucherbergwerks-drei-kronen-ehrt"
"Was passiert nach der Auflösung des Elternvereins Family@SAP ?","https://www.openpetition.de/petition/online/was-passiert-nach-der-aufloesung-des-elternvereins-familysap"
"Tierhof LUCKY FARM Geißlingen - mehr Grünlandfläche für die Tiere bitte !","https://www.openpetition.de/petition/online/tierhof-lucky-farm-geisslingen-mehr-gruenlandflaeche-fuer-die-tiere-bitte"
"EU Directive 2001/51/EC ändern: Flüchtlingen die sichere Einreise ermöglichen!","https://www.openpetition.de/petition/online/eu-directive-2001-51-ec-aendern-fluechtlingen-die-sichere-einreise-ermoeglichen"
"Für die Einhaltung des Dubliner Abkommens bei der Aufnahme von Flüchtlingen in der EU","https://www.openpetition.de/petition/online/fuer-die-einhaltung-des-dubliner-abkommens-bei-der-aufnahme-von-fluechtlingen-in-der-eu"
"Kostenlose Nutzung öffentlicher Verkehrsmittel für Flüchtlinge, Asylbewerber","https://www.openpetition.de/petition/online/kostenlose-nutzung-oeffentlicher-verkehrsmittel-fuer-fluechtlinge-asylbewerber"
"24 Stunden Veröffentlichungsverbot bei Unfällen und Todesfällen","https://www.openpetition.de/petition/online/24-stunden-veroeffentlichungsverbot-bei-unfaellen-und-todesfaellen"
"Kein Ponyreiten auf dem Michelsmarkt in Andernach!","https://www.openpetition.de/petition/online/kein-ponyreiten-auf-dem-michelsmarkt-in-andernach"
"Erhalt des Geldausgabeautomaten der Volksbank-Raiffeisenbank Riedlingen in Binzwangen","https://www.openpetition.de/petition/online/erhalt-des-geldausgabeautomaten-der-volksbank-raiffeisenbank-riedlingen-in-binzwangen"
"Keine Patente auf Pflanzen,Tiere,Saatgut und Wasser in der EU","https://www.openpetition.de/petition/online/keine-patente-auf-pflanzen-tiere-saatgut-und-wasser-in-der-eu"
"Dumpinglöhne bei der Stadt Leipzig? Nein, danke!","https://www.openpetition.de/petition/online/dumpingloehne-bei-der-stadt-leipzig-nein-danke"
"Gastronomie Aussenbewirtschaftung in Heidelberg in den Sommermonaten bis mindestens 24 Uhr","https://www.openpetition.de/petition/online/gastronomie-aussenbewirtschaftung-in-heidelberg-in-den-sommermonaten-bis-mindestens-24-uhr"
"Schluss mit Abzocke der Autofahrer durch erlasswidrige Radarkontrollen","https://www.openpetition.de/petition/online/schluss-mit-abzocke-der-autofahrer-durch-erlasswidrige-radarkontrollen"
"Neue Regelung zum Erhalt des Betreuungsgeldes auf Landesebene","https://www.openpetition.de/petition/online/neue-regelung-zum-erhalt-des-betreuungsgeldes-auf-landesebene"
"Petition wir wollen Inuyasha zurück 2015","https://www.openpetition.de/petition/online/petition-wir-wollen-inuyasha-zurueck-2015"
"Kernzeitbetreuung für Grundschüler der Johannes-Kepler-Gemeinschaftsschule Magstadt","https://www.openpetition.de/petition/online/kernzeitbetreuung-fuer-grundschueler-der-johannes-kepler-gemeinschaftsschule-magstadt"
"ZONTA SAYS NO. Zonta sagt Nein zu Gewalt gegen Frauen. Ja zur „Istanbul Convention“*.","https://www.openpetition.de/petition/online/zonta-says-no-zonta-sagt-nein-zu-gewalt-gegen-frauen-ja-zur-istanbul-convention"
"Keine öffentlichen Mittel zur Finanzierung des Offshore-Terminals in Bremerhaven","https://www.openpetition.de/petition/online/keine-oeffentlichen-mittel-zur-finanzierung-des-offshore-terminals-in-bremerhaven"
"Verkehrschaos in Konstanz beenden","https://www.openpetition.de/petition/online/verkehrschaos-in-konstanz-beenden"
"Haltebuchten an allen Bushaltestellen!!!","https://www.openpetition.de/petition/online/haltebuchten-an-allen-bushaltestellen"
"Einführung psychologischer Tauglichkeitsuntersuchungen für politische Entscheidungsträger","https://www.openpetition.de/petition/online/einfuehrung-psychologischer-tauglichkeitsuntersuchungen-fuer-politische-entscheidungstraeger"
"Einheitliche und faire Vergütung des PJs in Bayern","https://www.openpetition.de/petition/online/einheitliche-und-faire-verguetung-des-pjs-in-bayern"
"Haustier Transponder (Chip) soll Pflicht werden","https://www.openpetition.de/petition/online/haustier-transponder-chip-soll-pflicht-werden"
"Kellinghusen: Keine Zerstörung des Stadtkerns - Lidl Ausbau am derzeitigen Standort","https://www.openpetition.de/petition/online/kellinghusen-keine-zerstoerung-des-stadtkerns-lidl-ausbau-am-derzeitigen-standort"
"Beitragsfreiheit: ARD, ZDF, DRadio - soll PayTV werden","https://www.openpetition.de/petition/online/beitragsfreiheit-ard-zdf-dradio-soll-paytv-werden"
"Eine Sanierung eines Bolzplatzes für unsere Kinder und Teeanger!","https://www.openpetition.de/petition/online/eine-sanierung-eines-bolzplatzes-fuer-unsere-kinder-und-teeanger"
"Schluss mit der Zwangsbeschlagnahmung von weiteren Turnhallen für Flüchtlinge","https://www.openpetition.de/petition/online/schluss-mit-der-zwangsbeschlagnahmung-von-weiteren-turnhallen-fuer-fluechtlinge"
"Produktmängel und die daraus resultierenden Kosten dürfen nicht zu Lasten des Handwerks gehen","https://www.openpetition.de/petition/online/produktmaengel-und-die-daraus-resultierenden-kosten-duerfen-nicht-zu-lasten-des-handwerks-gehen"
"Familie Shkodra soll bleiben!","https://www.openpetition.de/petition/online/familie-shkodra-soll-bleiben"
"Förderung zur Anschaffung von Elektrofahrzeugen über einen ""Elektro-Cent"" bei der Mineralölsteuer","https://www.openpetition.de/petition/online/foerderung-zur-anschaffung-von-elektrofahrzeugen-ueber-einen-elektro-cent-bei-der-mineraloelsteuer"
"Einführung eines ""Drogenführerscheins"" und von ""Drogenfachgeschäften""","https://www.openpetition.de/petition/online/einfuehrung-eines-drogenfuehrerscheins-und-von-drogenfachgeschaeften"
"Rettet die Schwaighofbucht","https://www.openpetition.de/petition/online/rettet-die-schwaighofbucht"
"Keine weitere Kürzung beim Ansbacher Stadtbusverkehr!","https://www.openpetition.de/petition/online/keine-weitere-kuerzung-beim-ansbacher-stadtbusverkehr"
"Herr Innenminister Herrmann, nach Ihren beleidigenden Äußerungen über Vertriebene: treten Sie zurück","https://www.openpetition.de/petition/online/herr-innenminister-herrmann-nach-ihren-beleidigenden-aeusserungen-ueber-vertriebene-treten-sie-zurue"
"Wassersport an der Knock (Emden) verbieten?","https://www.openpetition.de/petition/online/wassersport-an-der-knock-emden-verbieten"
"Oberhalb der Kirchhofstr. in Wuppertal-Sonnborn, NRW sollen keine 70 Häuser gebaut werden.","https://www.openpetition.de/petition/online/oberhalb-der-kirchhofstr-in-wuppertal-sonnborn-nrw-sollen-keine-70-haeuser-gebaut-werden"
"„Keine Rückkehrprämie für Flüchtlinge aus sicheren Herkunftsländern","https://www.openpetition.de/petition/online/keine-rueckkehrpraemie-fuer-fluechtlinge-aus-sicheren-herkunftslaendern-forderung-eines-wohnungspoli"
"Freie Wahl für die 2. Fremdsprache am Gymnasium Lilienthal und Eröffnung weiterer Spanisch Klassen.","https://www.openpetition.de/petition/online/freie-wahl-fuer-die-2-fremdsprache-am-gymnasium-lilienthal-und-eroeffnung-weiterer-spanisch-klassen"
"Anliegerstraße für die Karpendelle","https://www.openpetition.de/petition/online/anliegerstrasse-fuer-die-karpendelle"
"Strafbarkeit für die Anstiftung, Beihilfe und Ausgrenzung von Kindern gegenüber den Eltern","https://www.openpetition.de/petition/online/strafbarkeit-fuer-die-anstiftung-beihilfe-und-ausgrenzung-von-kindern-gegenueber-den-eltern-oder-ein"
"Änderung der Verkehrsführung Berghausener Straße/Baumberger Straße/Neustädter Straße","https://www.openpetition.de/petition/online/aenderung-der-verkehrsfuehrung-berghausener-strasse-baumberger-strasse-neustaedter-strasse"
"ALTERSARMUT!! Rente ohne Abschlag mit 61 Jahren für schwerbehinderte Menschen","https://www.openpetition.de/petition/online/altersarmut-rente-ohne-abschlag-mit-61-jahren-fuer-schwerbehinderte-menschen"
"Aussetzung des Schießbetriebes auf dem Nato-Truppenübungsplatz Bergen-Hohne","https://www.openpetition.de/petition/online/aussetzung-des-schiessbetriebes-auf-dem-nato-truppenuebungsplatz-bergen-hohne"
"Rettet den Körsch Kinder Wasserspielplatz Plieningen Stuttgart mit Wasserleitung","https://www.openpetition.de/petition/online/eine-wasserleitung-an-den-koersch-kinder-wasserspielplatz-plieningen-stuttgart"
"Gesetzesinitiative zur Einführung der Mindestwahlbeteiligung bei den Wahlen zum Deutschen Bundestag","https://www.openpetition.de/petition/online/gesetzesinitiative-zur-einfuehrung-der-mindestwahlbeteiligung-bei-den-wahlen-zum-deutschen-bundestag"
"Abschaffung von Hartz 4 bzw. Menschenwürdige Regelsätze","https://www.openpetition.de/petition/online/abschaffung-von-hartz-4-bzw-menschenwurdige-regelsatze"
"Rettungsgasse - Pflicht zur Bildung einer Rettungsgasse und Strafen bei Nichtbeachtung","https://www.openpetition.de/petition/online/rettungsgasse-pflicht-zur-bildung-einer-rettungsgasse-und-strafen-bei-nichtbeachtung"
"Mehr Bollywood Filme im Deutschen Fernsehen ausstrahlen","https://www.openpetition.de/petition/online/mehr-bollywood-filme-im-deutschen-fernsehen-ausstrahlen"
"Sofortiger Importverbot für Pelze","https://www.openpetition.de/petition/online/sofortiger-importverbot-fuer-pelze"
"Reduzierung der Belegung in der LEA Meßstetten & Schließung 2016","https://www.openpetition.de/petition/online/reduzierung-der-belegung-in-der-lea-messstetten-schliessung-2016"
"Gebt Literatur mehr Raum in Presse, Rundfunk und Fernsehen!","https://www.openpetition.de/petition/online/gebt-literatur-mehr-raum-in-presse-rundfunk-und-fernsehen"
"Gesetz zur artgerechten Haltung von Kaninchen und Meerschweinchen","https://www.openpetition.de/petition/online/gesetz-zur-artgerechten-haltung-von-kaninchen-und-meerschweinchen"
"TV Total, Schlag den Raab und Co. - Stefan Raab muss bleiben!","https://www.openpetition.de/petition/online/tv-total-schlag-den-raab-und-co-stefan-raab-muss-bleiben"
"Vermehrte Einstellungen von Polizeieinsatzkräften in Berlin Reinickendorf bzw.Gesamt-Berlin","https://www.openpetition.de/petition/online/vermehrte-einstellungen-nvon-polizeieinsatzkraeften-in-berlin-reinickendorf"
"Mehrgenerationshaus in Bergheim-Oberaußem","https://www.openpetition.de/petition/online/mehrgenerationshaus-in-bergheim-oberaussem"
"ELT ohne Neuerkerode ist kein ELT","https://www.openpetition.de/petition/online/elt-ohne-neuerkerode-ist-kein-elt"
"Kostenloser Nahverkehr --Freie Fahrt für Freie Bürger","https://www.openpetition.de/petition/online/kostenloser-nahverkehr-freie-fahrt-fuer-freie-buerger"
"Stoppt das Flüchtlingssterben: Aylan war zuviel!","https://www.openpetition.de/petition/online/stoppt-das-fluechtlingssterben-aylan-war-zuviel"
"Rettung der Ludwig - Thomaschule in Dachau","https://www.openpetition.de/petition/online/rettung-der-ludwig-thomaschule-in-dachau"
"Protest gegen die Verlandung des Remscheider Stadtparkteiches. Schutz von Fauna und Flora.","https://www.openpetition.de/petition/online/protest-gegen-die-verlandung-des-remscheider-stadtparkteiches-schutz-von-fauna-und-flora"
"STOPPT DIE JAPANISCHE REGIERUNG ! STOP FUKUSHIMA Fukushimas Schleusen schliessen","https://www.openpetition.de/petition/online/stoppt-die-japanische-regierung-stop-fukushima-fukushimas-schleusen-schliessen"
"Liebe Regierung; Tun Sie etwas oder wir kommen! JETZT.","https://www.openpetition.de/petition/online/liebe-regierung-tun-sie-etwas-oder-wir-kommen-jetzt"
"Verbot der stillschweigenden automatischen Vertragsverlängerung","https://www.openpetition.de/petition/online/verbot-der-stillschweigenden-automatischen-vertragsverlaengerung"
"Todesurteil für BÜRGERWINDPARK BARGTEHEIDE verhindern","https://www.openpetition.de/petition/online/todesurteil-fuer-buergerwindpark-bargteheide-verhindern"
"Gleiches Geld für gleiche Arbeit","https://www.openpetition.de/petition/online/gleiches-geld-fuer-gleiche-arbeit"
"Parkplatzsuchende gegen Neudorfer Schildbürgerstreich","https://www.openpetition.de/petition/online/parkplatzsuchende-gegen-neudorfer-schildbuergerstreich"
"Einschulungsalter auf mindestens 6 Jahre hoch setzen!","https://www.openpetition.de/petition/online/einschulungsalter-auf-mindestens-6-jahre-hoch-setzen"
"Erhalt der ehemaligen Gebäude der Sonnenscheinschule in Heinsberg","https://www.openpetition.de/petition/online/erhalt-der-gebaeude-der-sonnenscheinschule-in-heinsberg"
"Verbreiterung des Katzengitters im Apfelgarten in Neu Wulmstorf","https://www.openpetition.de/petition/online/verbreiterung-des-katzengitters-im-apfelgarten-in-neu-wulmstorf"
"Keine Erhöhung Des Portos","https://www.openpetition.de/petition/online/keine-erhoehung-des-portos"
"Sicherheitsdienste gegen Giftköderausleger in Schleswig Holstein","https://www.openpetition.de/petition/online/sicherheitsdienste-gegen-giftkoederausleger-in-schleswig-holstein"
"Inkasso-Verstöße wirksam verfolgen und bestrafen","https://www.openpetition.de/petition/online/inkasso-verstoesse-wirksam-verfolgen-und-bestrafen"
"UNO - die Menschheit fordert endlich und für immer den Weltfrieden - tut endlich was!","https://www.openpetition.de/petition/online/uno-die-menschheit-fordert-endlich-und-fuer-immer-den-weltfrieden-tut-endlich-was"
"Abschaffung der Familienversicherung für Jugendliche ALG 2 Empfänger ablehnen","https://www.openpetition.de/petition/online/abschaffung-der-familienversicherung-fuer-jugendliche-alg-2-empfaenger-ablehnen"
"Kein Fraking","https://www.openpetition.de/petition/online/kein-fraking"
"Spielplatz im Ringelhausen III Gebiet Laupheim","https://www.openpetition.de/petition/online/spielplatz-im-ringelhausen-iii-gebiet-laupheim"
"Erhalt der Kleingartenanlage Saaletal e.V. Halle/Saale-Lettin gegründet 1932","https://www.openpetition.de/petition/online/erhalt-der-kleingartenanlage-saaletal-e-v-halle-saale-lettin-gegruendet-1932"
"Petition für den Erhalt bzw. die Rückgewinnung des Mecklenburger Dorfes in Berlin-Köpenick","https://www.openpetition.de/petition/online/petition-fuer-den-erhalt-bzw-die-rueckgewinnung-des-mecklenburger-dorfes-in-berlin-koepenick"
"Ansbach braucht einen Sprungturm","https://www.openpetition.de/petition/online/ansbach-braucht-einen-sprungturm"
"Wer Maximal 45 Jahre in die Rentenkasse Eingezahlt hat, sollte ohne Abzüge in Rente gehen können. Eg","https://www.openpetition.de/petition/online/wer-maximal-45-jahre-in-die-rentenkasse-eingezahlt-hat-sollte-ohne-abzuege-in-rente-gehen-koennen-eg"
"Erhalt der Aussenstelle des Landratsamtes Bad Lobenstein","https://www.openpetition.de/petition/online/erhalt-der-aussenstelle-des-landratsamtes-bad-lobenstein"
"Friedenskonferenz zu Syrien !","https://www.openpetition.de/petition/online/friedenskonferenz-zu-syrien"
"Volksverhetzung auf Facebook beenden","https://www.openpetition.de/petition/online/volksverhetzung-auf-facebook-beenden"
"Flüchtlingsheime auch in Nobelviertel wie Hamburg - Harvestehude (Sophienterrasse) !","https://www.openpetition.de/petition/online/fluechtlingsheime-auch-in-nobelviertel-wie-hamburg-harvestehude-sophienterrasse"
"Verbot von KPD Symbolen","https://www.openpetition.de/petition/online/verbot-von-kpd-symbolen"
"Rasstisten, Nazis und Rechte ausweisen","https://www.openpetition.de/petition/online/rasstisten-nazis-und-rechte-ausweisen"
"Kostenlose Bildung und Betreuung aller Kinder und Jugendlicher","https://www.openpetition.de/petition/online/kostenlose-bildung-und-betreuung-aller-kinder-und-jugendlicher"
"BAYERN 3 Nightlife ""Classic Rock"" darf nicht abgesetzt werden!","https://www.openpetition.de/petition/online/bayern-3-nightlife-classic-rock-darf-nicht-abgesetzt-werden"
"Denkmalschutz für Neu Gorbitz","https://www.openpetition.de/petition/online/denkmalschutz-fuer-neu-gorbitz"
"Volle 12 Monate Kindergartenbeitragsfreiheit auch für ""Kann-Kinder"" in NRW","https://www.openpetition.de/petition/online/volle-12-monate-kindergartenbeitragsfreiheit-auch-fuer-kann-kinder-in-nrw"
"Weinstand am Fischtorplatz / Rheinufer dauerhaft einrichten","https://www.openpetition.de/petition/online/weinstand-am-fischtorplatz-rheinufer-dauerhaft-einrichten"
"#StayKuba","https://www.openpetition.de/petition/online/staykuba"
"Mehr Organisation für die Buslinie R61 (Vredener Schulverkehr am Morgen)","https://www.openpetition.de/petition/online/mehr-organisation-fuer-die-buslinie-r61-vredener-schulverkehr-am-morgen"
"Zebrastreifen vor Rathaus Schmargendorf","https://www.openpetition.de/petition/online/zebrastreifen-vor-rathaus-schmargendorf"
"Wahlrecht für Deutsche aus dem Ausland vereinfachen","https://www.openpetition.de/petition/online/demokratisches-grundrecht-fuer-deutsche-im-ausland-in-gefahr"
"Bundestagsabgeordnete sollen ihre Nebeneinkünfte für Flüchtlinge spenden","https://www.openpetition.de/petition/online/bundestagsabgeordnete-sollen-ihre-nebeneinkuenfte-fuer-fluechtlinge-spenden"
"Skischaukel am Riedberger Horn verhindern","https://www.openpetition.de/petition/online/skischaukel-am-riedberger-horn-verhindern"
"Anerkennung der Berufsbezeichnung Sozialbetreuer nach Paragraph 45a und 87b","https://www.openpetition.de/petition/online/anerkennung-der-berufsbezeichnung-sozialbetreuer-nach-paragraph-45a-und-87b"
"Nicole Köster zurück auf Rock am Ring !","https://www.openpetition.de/petition/online/nicole-koester-zurueck-auf-rock-am-ring"
"Kennzeichnungspflicht für nachhaltig produziertes Palmöl","https://www.openpetition.de/petition/online/kennzeichnungspflicht"
"Senkung des Gewerbesteuerhebesatzes in Köln","https://www.openpetition.de/petition/online/senkung-des-gewerbesteuerhebesatzes-in-koeln"
"Abschiebungsstopp ! Humanitäres Bleiberecht für Vladimir, Robert, Mihail und ihre Eltern","https://www.openpetition.de/petition/online/abschiebungsstopp-bleiberecht-fuer-vladimir-robert-mihail-und-ihre-eltern"
"Feststehende Blitzgeräte müssen aus der Ferne gut sichtbar sein!","https://www.openpetition.de/petition/online/feststehende-blitzgeraete-muessen-aus-der-ferne-gut-sichtbar-sein"
"Bezahlbarer Wohnraum für alle Studenten!","https://www.openpetition.de/petition/online/bezahlbarer-wohnraum-fuer-alle-studenten"
"Waffenstillstand im Jemen","https://www.openpetition.de/petition/online/waffenstillstand-im-jemen"
"Zweiklassenbehandlung bei der anwaltlichen Beratungskostenhilfe stoppen!","https://www.openpetition.de/petition/online/zweiklassenbehandlung-bei-der-anwaltlichen-beratungskostenhilfe-stoppen"
"Rettet den Klostergarten!","https://www.openpetition.de/petition/online/rettet-den-klostergarten"
"Freie fahrt für Gehbehinderte (auch in ICE und konsorten)","https://www.openpetition.de/petition/online/freie-fahrt-fur-gehbehinderte-auch-in-ice-und-konsorten"
"Schnelleres Internet für Cappel","https://www.openpetition.de/petition/online/schnelleres-internet-fuer-cappel"
"Führerschein Klasse B soll A1 beinhalten","https://www.openpetition.de/petition/online/fuehrerschein-klasse-b-soll-a1-beinhalten"
"Die Rutsche muss bleiben – Holzspielplatz erhalten!!!","https://www.openpetition.de/petition/online/die-rutsche-muss-bleiben-holzspielplatz-erhalten"
"Verschiebung der Sommerferien in Baden Württemberg","https://www.openpetition.de/petition/online/verschiebung-der-sommerferien-in-baden-wuerttemberg"
"Sendung mit der Maus auf Sendeplatz 11:30Uhr","https://www.openpetition.de/petition/online/sendung-mit-der-maus-auf-sendeplatz-11-30uhr"
"Öffnung der Grenzen für Flüchtlinge","https://www.openpetition.de/petition/online/oeffnung-der-grenzen-fuer-fluechtlinge"
"Panasonic/Amazon sollen ihre treuen Kunden weiterhin mit aktuellen Technologien versorgen!","https://www.openpetition.de/petition/online/panasonic-amazon-sollen-ihre-treuen-kunden-weiterhin-mit-aktuellen-technologien-versorgen"
"Menschenwürdige Unterkünfte für Flüchtlinge ( mit bundesweit gültigen Mindeststandards)","https://www.openpetition.de/petition/online/menschenwuerdige-unterkuenfte-fuer-fluechtlinge-mit-bundesweit-gueltigen-mindeststandards"
"Asyl Verlängerung trotz Deutsche Post Streik","https://www.openpetition.de/petition/online/asyl-verlaengerung-trotz-deutsche-post-streik"
"Legalisierung von Marihuana in DE","https://www.openpetition.de/petition/online/legalisierung-von-marihuana-in-de"
"Verlängerung der Gelbphase von Ampelanlagen von 3 auf 4 Sekunden innerorts","https://www.openpetition.de/petition/online/verlangerung-der-gelbphase-von-ampelanlagen-von-3-auf-4-sekunden-innerorts"
"Fairplay im deutschen Profifußball! Der Videobeweis gegen Spielmanipulation","https://www.openpetition.de/petition/online/fairplay-im-deutschen-profifussball-der-videobeweis-gegen-spielmanipulation"
"Englisch in allen Schulen, auch Förderschulen und sonstigen Schulen","https://www.openpetition.de/petition/online/englisch-in-allen-schulen-auch-foerderschulen-und-sonstigen-schulen"
"Wir fordern die Sanierung des Sportgebäudes der Pädagogischen Hochschule Ludwigsburg","https://www.openpetition.de/petition/online/wir-fordern-die-sanierung-des-sportgebaeudes-der-paedagogischen-hochschule-ludwigsburg"
"Frau Familienministerin, ersetzen Sie den Begriff der ""Alleinerziehenden""","https://www.openpetition.de/petition/online/frau-familienministerin-ersetzen-sie-den-begriff-der-alleinerziehenden"
"Bessere finanzielle Unterstützung für die Auszubildende","https://www.openpetition.de/petition/online/bessere-finanzielle-unterstuetzung-fuer-die-auszubildende"
"Erweiterung des Gesetzes zur Erwerbsunfähigkeit für Schwerbehinderte.","https://www.openpetition.de/petition/online/erweiterung-des-gesetzes-zur-erwerbsunfaehig-fuer-schwerbehinderte"
"Wir fordern das Untersuchen des Doping-Skandals vom FK Schachtar Donezk-Spieler ""FRED""","https://www.openpetition.de/petition/online/wir-fordern-das-untersuchen-des-doping-skandals-vom-fk-schachtar-donezk-spieler-fred"
"Samsung Galaxy Note 5 für Deutschland","https://www.openpetition.de/petition/online/samsung-galaxy-note-5-fuer-deutschland"
"Wir fordern die Abschaffung der Rauchmelderpflicht in Wohnungen.","https://www.openpetition.de/petition/online/wir-fordern-die-abschaffung-der-rauchmelderpflicht-in-wohnungen"
"PETITION gegen RTL2, nicht alle maskulinen Lesben die tattoowiert sind sind asozial!!!","https://www.openpetition.de/petition/online/petition-gegen-rtl2-nicht-alle-maskulinen-lesben-die-tattoowiert-sind-sind-asozial"
"Endlich Flüchtlingsbeauftragter für Hamburg und Untersuchungsausschuss für bisherige Versäumnisse!","https://www.openpetition.de/petition/online/endlich-fluechtlingsbeauftragter-fuer-hamburg-und-untersuchungsausschuss-fuer-bisherige-versaeumniss"
"Musikquote im Deutschen Radio","https://www.openpetition.de/petition/online/musikquote-im-deutschen-radio"
"Gegen das Arbeitspapier ""Gymnasium 2020"" !","https://www.openpetition.de/petition/online/gegen-das-arbeitspapier-gymnasium-2020"
"Wir wollen Frufoo zurück!","https://www.openpetition.de/petition/online/wir-wollen-frufoo-zurueck"
"Verbot von Rauchen auf allen öffentlichen Plätzen","https://www.openpetition.de/petition/online/verbot-von-rauchen-auf-allen-oeffentlichen-plaetzen"
"Strassensanierung/Strassenerneuerung Nordring in Kamen","https://www.openpetition.de/petition/online/strassensanierung-strassenerneuerung-nordring-in-kamen"
"Änderung des Arbeitsrechtes im Punkt Freistellung durch den Arbeitgeber","https://www.openpetition.de/petition/online/aenderung-des-arbeitsrechtes-im-punkt-freistellung-durch-den-arbeitgeber"
"Netflix Offlinemodus - Einführung eines Offlinemodus für die Smartphone Apps","https://www.openpetition.de/petition/online/netflix-offlinemodus-einfuehrung-eines-offlinemodus-fuer-die-smartphone-apps"
"Freiheitsspaß für Kinder und Senioren","https://www.openpetition.de/petition/online/freiheitsspass-fuer-kinder-und-senioren"
"Keine Tiere veim Stuttgarter Volksfest","https://www.openpetition.de/petition/online/keine-tiere-veim-stuttgarter-volksfest"
"Nein Danke , keine Hähnchenmastanlage Gleina /Altenburger Land !","https://www.openpetition.de/petition/online/nein-danke-keine-haehnchenmastanlage-gleina-altenburger-land"
"Girls und Panzer für Deutschland","https://www.openpetition.de/petition/online/girls-und-panzer-fuer-deutschland"
"Weiterführung der Verkehrsinstruktion der Polizei BL","https://www.openpetition.de/petition/online/weiterfuehrung-der-verkehrsinstruktion-der-polizei-bl"
"Aufnahme der Regionalsprachen Alemannisch, Schwäbisch und Südfränkisch in die Landesverfassung BW's","https://www.openpetition.de/petition/online/aufnahme-der-regionalsprachen-alemannisch-schwaebisch-und-suedfraenkisch-in-die-landesverfassung-bws"
"""Stoppt die Hetze gegen den Islam!"" - ""Stop rushing against Islam!""","https://www.openpetition.de/petition/online/stoppt-die-hetze-gegen-den-islam-stop-rushing-against-islam"
"Tiere sind Lebewesen & keine Sache!","https://www.openpetition.de/petition/online/tiere-sind-lebewesen-keine-sache"
