"name","url","id"
"

Förderung und Aufrecherhaltung einer vielfältigen Lehre an der EMAU Greifswald","https://www.openpetition.eu/petition/online/foerderung-und-aufrecherhaltung-einer-vielfaeltigen-lehre-an-der-emau-greifswald",1
"

Rettet die Vereinsfeste!","https://www.openpetition.eu/at/petition/online/rettet-die-vereinsfeste",2
"

Förderung und Aufrecherhaltung einer vielfältigen Lehre an der EMAU Greifswald","https://www.openpetition.eu/petition/online/foerderung-und-aufrecherhaltung-einer-vielfaeltigen-lehre-an-der-emau-greifswald",3
"

Rettet die Vereinsfeste!","https://www.openpetition.eu/at/petition/online/rettet-die-vereinsfeste",4
"

Unser Gesundheitssystem braucht mehr!","https://www.openpetition.eu/at/petition/online/unser-gesundheitssystem-braucht-mehr",5
"

Errichtung einer Lärmschutzwand entlang der A3 im Gemeindegebiet Großhöflein/Müllendorf!","https://www.openpetition.eu/at/petition/online/errichtung-einer-larmschutzwand-fur-grosshoflein-entlang-der-a3",6
"

Kein AKW-Neubau in Paks/Ungarn!","https://www.openpetition.eu/at/petition/online/kein-akw-neubau-in-paks-ungarn",7
"

Petition für eine humanitär agierende Schweiz im Rahmen der aktuellen Flüchtlingstragödie","https://www.openpetition.eu/ch/petition/online/petition-fuer-eine-humanitaer-agierende-schweiz-im-rahmen-der-aktuellen-fluechtlingstragoedie",8
"

Bodenschutz fuer Wien","https://www.openpetition.eu/at/petition/online/bodenschutz-fuer-wien",9
"

Beibehaltung der WMS/IMS an der Alten Kanti Aarau","https://www.openpetition.eu/ch/petition/online/beibehaltung-der-wms-ims-an-der-alten-kanti-aarau",10
"

Keine neuen Atomreaktoren in Temelin und Dukovany!","https://www.openpetition.eu/petition/online/keine-neuen-atomreaktoren-in-temelin-und-dukovany",11
"

Wir fordern Chancengleichheit für ao. UniversitätsprofessorInnen","https://www.openpetition.eu/petition/online/wir-fordern-chancengleichheit-fuer-ao-universitaetsprofessorinnen",12
"

The Wall Of Fame - L'UNIQUE Basel","https://www.openpetition.eu/ch/petition/online/the-wall-of-fame-lunique-basel",13
"

Aktion zur Rettung des Kulturgutes Uhudler im Südburgenland","https://www.openpetition.eu/at/petition/online/aktion-zur-rettung-des-kulturgutes-uhudler-im-suedburgenland",14
"

Mehr Sicherheit für unsere Kinder im Schulbus","https://www.openpetition.eu/at/petition/online/mehr-sicherheit-fuer-unsere-kinder-im-schulbus",15
"

VOR Zone 100 für Leopoldsdorf - JA zur Öffi Card","https://www.openpetition.eu/at/petition/online/vor-zone-100-fuer-leopoldsdorf-ja-zur-oeffi-card",16
"

Wir fordern den Rücktritt der österreichischen Bundesregierung und sofortige Neuwahlen","https://www.openpetition.eu/at/petition/online/wir-fordern-den-ruecktritt-der-oesterreichischen-bundesregierung-und-sofortige-neuwahlen",17
"

Nein zum Verkauf des ""Traude Dierdorf"" Stadtheims","https://www.openpetition.eu/at/petition/online/nein-zum-verkauf-des-traude-dierdorf-stadtheims",18
"

Stoppen Sie die Ungleichbehandlung verschiedener Behinderungen!","https://www.openpetition.eu/at/petition/online/stoppen-sie-die-ungleichbehandlung-verschiedener-behinderungen",19
"

Unabhängige Untersuchungskommission für KESB und KOKES","https://www.openpetition.eu/ch/petition/online/unabhaengige-untersuchungskommission-fuer-kesb-und-kokes",20
"

Heimkinder wollen Gerechtigkeit","https://www.openpetition.eu/at/petition/online/heimkinder-wollen-gerechtigkeit",21
"

Nicht alles Neue ist gut – Schützt das Einkaufserlebnis in der Klagenfurter Innenstadt!","https://www.openpetition.eu/at/petition/online/nicht-alles-neue-ist-gut-schuetzt-das-einkaufserlebnis-in-der-klagenfurter-innenstadt",22
"

Copa Beach soll bleiben","https://www.openpetition.eu/at/petition/online/copa-beach-soll-bleiben",23
"

Sommerferien kürzen","https://www.openpetition.eu/at/petition/online/sommerferien-kuerzen",24
"

PETITION für den Erhalt der AKADEMIE GRAZ","https://www.openpetition.eu/at/petition/online/petition-fuer-den-erhalt-der-akademie-graz",25
"

Für mehr Staatskunde an Berner Schulen","https://www.openpetition.eu/ch/petition/online/fuer-mehr-staatskunde-an-berner-schulen",26
"

Fußgänger Ampel in Klagenfurt","https://www.openpetition.eu/at/petition/online/fussgaenger-ampel-in-klagenfurt",27
"

Abzug aller US- und UK-Truppen sowie US-Befehlsstellen aus Deutschland!","https://www.openpetition.de/petition/online/abzug-aller-us-und-uk-truppen-sowie-us-befehlsstellen-aus-deutschland",28
"

Dragonball Super auf Prosieben MAXX","https://www.openpetition.de/petition/online/dragonball-super-auf-prosieben-maxx",29
"

Kölner Fernbusbahnhof nicht an den Stadtrand legen - gegen Fernbusverbot in Köln !","https://www.openpetition.de/petition/online/koelner-fernbusbahnhof-nicht-an-den-stadtrand-legen-gegen-fernbusverbot-in-koeln",30
"

Für den Erhalt des privaten Sammelns // For preserving the right to privately collect","https://www.openpetition.de/petition/online/fuer-den-erhalt-des-privaten-sammelns",31
"

ARD, ZDF ... so GEZ nicht weiter! ZahlungsZWANG STOP! RundfunkREFORM JETZT! (Bayern)","https://www.openpetition.de/petition/online/ard-zdf-so-gez-nicht-weiter-bayern",32
"

Öffnet die Grenze - Kobanê muss leben!","https://www.openpetition.de/petition/online/oeffnet-die-grenze-kobane-muss-leben",33
"

Wiedereinführung der Grenzkontrollen an den EU-Binnengrenzen","https://www.openpetition.de/petition/online/wiedereinfuehrung-der-grenzkontrollen-an-den-deutschen-landesgrenzen",34
"

Petition: Linie 9 muss bleiben! Statt stilllegen mit der Straßenbahn zum Cospudener See","https://www.openpetition.de/petition/online/mit-der-linie-9-zum-cospudener-see-connewitz-markkleeberg-nicht-vom-strassenbahnnetz-abklemmen",35
"

München Viehhof, Erhalt und Koexistenz: Gewerbe und Kino-Open-Air-Kultur-Festival müssen bleiben!","https://www.openpetition.de/petition/online/muenchen-viehhof-erhalt-und-koexistenz-gewerbe-und-kino-open-air-kultur-festival-muessen-bleiben",36
"

Pro Konstanzer Flugplatz","https://www.openpetition.de/petition/online/pro-konstanzer-flugplatz",37
"

Keine Zwangsexmatrikulationen – für ein kritisches und angeregtes Studium!","https://www.openpetition.de/petition/online/keine-zwangsexmatrikulationen-fur-ein-kritisches-und-angeregtes-studium",38
"

ARD, ZDF ... so GEZ nicht weiter! ZahlungsZWANG STOP! RundfunkREFORM JETZT! (Niedersachsen)","https://www.openpetition.de/petition/online/ard-zdf-so-gez-nicht-weiter-niedersachsen",39
"

NABK CELLE - Nein zur Schließung","https://www.openpetition.de/petition/online/nabk-celle-nein-zur-schliessung",40
"

Rostock: Die Schleuse am Mühlendamm darf nicht zugeschüttet werden!","https://www.openpetition.de/petition/online/rostock-die-schleuse-am-muehlendamm-darf-nicht-zugeschuettet-werden",41
"

Das Verbot Von Tieren Im Zirkus Ist Lange Überfällig ! Handeln Sie Jetzt !","https://www.openpetition.de/petition/online/das-verbot-von-tieren-im-zirkus-ist-lange-ueberfaellig-handeln-sie-jetzt",42
"

Arbeitsgenehmigung für Oumar Ba und Modou Cisse aus Diedorf","https://www.openpetition.de/petition/online/arbeitsgenehmigung-fuer-oumar-ba-und-modou-cisse-aus-diedorf",43
"

Gegen das Einschläfern von Rottweiler Pascha aus Duisburg: ""Bitte lasst mich nicht sterben!""","https://www.openpetition.de/petition/online/gegen-das-einschlaefern-von-rottweiler-pascha-aus-duisburg",44
"

Spesensätze für das Fahrpersonal erhöhen","https://www.openpetition.de/petition/online/spesensaetze-fuer-das-fahrpersonal-erhoehen",45
"

U-Bahn nach Freiham!","https://www.openpetition.de/petition/online/u-bahn-nach-freiham",46
"

HAUS DER STADTKULTUR: Stadtmuseum ins Alte Gericht! Keine Umnutzung für „hochwertiges Wohnen“","https://www.openpetition.de/petition/online/haus-der-stadtkultur-stadtmuseum-ins-alte-gericht-keine-umnutzung-fuer-hochwertiges-wohnen",47
"

Kein Mäusegift in der Landwirtschaft","https://www.openpetition.de/petition/online/kein-maeusegift-in-der-landwirtschaft",48
"

Abschaffung der Hunde-Rasseliste in Nordrhein-Westfalen","https://www.openpetition.de/petition/online/abschaffung-der-hunde-rasseliste-in-nordrhein-westfalen",49
"

Wir fordern dringend den Erhalt von Schloss Reinhardsbrunn!","https://www.openpetition.de/petition/online/wir-fordern-dringend-den-erhalt-von-schloss-reinhardsbrunn",50
"

Bürgerinitiative „Keine Mülldeponie im Steinbruch“ Mainz","https://www.openpetition.de/petition/online/buergerinitiative-keine-muelldeponie-im-steinbruch-mainz",51
"

Gemeinsame Erklärung gegen die Nennung der VVN/BdA im Bayerischen Verfassungsschutzbericht","https://www.openpetition.de/petition/online/gemeinsame-erklaerung-gegen-die-nennung-der-vvn-bda-im-bayerischen-verfassungsschutzbericht",52
"

AUFWERTEN – JETZT (erst recht)!  ALLER Beschäftigten im SuE - SozialpädagogInnen NICHT vergessen!","https://www.openpetition.de/petition/online/sozialearbeiterinnen-duerfen-nicht-die-verlierer-der-tvoed-sue-verhandlungen-sein",53
"

Abschaffung des Ponykarussells auf der Neuwieder Pfingstkirmes","https://www.openpetition.de/petition/online/abschaffung-des-ponykarussell-auf-der-neuwieder-pfingstkirmes",54
"

Steuerfreibetrag bei Ausübung eines Ehrenamts und Rentenpunkt für langjährig ehrenamtlich Tätige","https://www.openpetition.de/petition/online/steuerfreibetrag-bei-ausuebung-eines-ehrenamts-und-rentenpunkt-fuer-langjaehrig-ehrenamtlich-taetige",55
"

Faire Zukunftschancen für alle - Zugang zu Schule auch für neu zugewanderte Migranten Ü18","https://www.openpetition.de/petition/online/faire-zukunftschancen-fuer-alle-zugang-zu-schule-auch-fuer-neu-zugewanderte-migranten-ue18",56
"

Teilhabegesetz JETZT!!!-2","https://www.openpetition.de/petition/online/teilhabegesetz-jetzt-2",57
"

Deutsche Gesellschaft für Ernährung & vegane Kinderernährung - veraltet, einseitig, unprofessionell!","https://www.openpetition.de/petition/online/deutsche-gesellschaft-fur-ernahrung-vegane-kinderernahrung-veraltet-einseitig-unprofessionell",58
"

Bundeskanzlerin Merkel, setzen Sie sich für die sofortige Schließung des AKW Cattenom ein","https://www.openpetition.de/petition/online/bundeskanzlerin-merkel-setzen-sie-sich-fuer-die-sofortige-schliessung-des-akw-cattenom-ein",59
"

Staatliche Anerkennung des Bachelor of Social Work der Hogeschool van Arnhem en Nijmegen","https://www.openpetition.de/petition/online/staatliche-anerkennung-des-bachelor-of-social-work-der-hogeschool-van-arnhem-en-nijmegen",60
"

Erhalt der Japanologie an der Martin-Luther-Universität Halle-Wittenberg","https://www.openpetition.de/petition/online/erhalt-der-japanologie-an-der-martin-luther-universitaet-halle-wittenberg",61
"

Die traditionsreiche Architekturschule muss im Münchner Kunstareal bleiben!","https://www.openpetition.de/petition/online/die-traditionsreiche-architekturschule-muss-im-muenchner-kunstareal-bleiben",62
"

Der Deutsche Bundestag soll ein Mindesthonorar für selbstständige LehrerInnen einführen","https://www.openpetition.de/petition/online/der-deutsche-bundestag-soll-ein-mindesthonorar-fuer-selbststaendige-lehrerinnen-einfuehren",63
"

Wir fordern die Volksabstimmung","https://www.openpetition.de/petition/online/wir-fordern-die-volksabstimmung",64
"

Rettet die Musikakademie Kürnbach","https://www.openpetition.de/petition/online/rettet-die-musikakademie-kuernbach",65
"

Stadt Frankfurt: Vermieten Sie keine städtischen Flächen an Zirkusbetriebe, die Wildtiere mitführen!","https://www.openpetition.de/petition/online/stadt-frankfurt-vermieten-sie-keine-staedtischen-flaechen-an-zirkusbetriebe-die-wildtiere-mitfuehren",66
"

Recht auf Wohnung - Schluss mit HARTZ IV: Armut und Obdachlosigkeit.","https://www.openpetition.de/petition/online/recht-auf-wohnung-obdachlosigkeit-in-deutschland-beenden",67
"

Bestandsschutz und Baurecht für den SPREEWALD-NATUR-CAMPING ""Am Schlosspark"" in Lübbenau/Spreewald","https://www.openpetition.de/petition/online/bestandsschutz-und-baurecht-fuer-den-spreewald-natur-camping-am-schlosspark-in-luebbenau-spreewald",68
"

Erhalt der Veranstaltungen auf dem Flugplatz Allstedt und Ausbau des Geländes","https://www.openpetition.de/petition/online/erhalt-der-veranstaltungen-auf-dem-flugplatz-allstedt-und-ausbau-des-gelandes",69
"

Schaffung des Berufsbildes Dentalhygieniker/in als geschützte Berufsbezeichnung in D und der EU","https://www.openpetition.de/petition/online/schaffung-des-berufsbildes-dentalhygieniker-in-als-geschutzte-berufsbezeichnung-in-d-und-der-eu",70
"

Gegen die mögliche Y-Trassenvariante (Güterverkehr) über die aktuelle Heidebahn-Strecke","https://www.openpetition.de/petition/online/gegen-die-moegliche-y-trassenvariante-gueterverkehr-ueber-die-aktuelle-heidebahn-strecke",71
"

Ein klares NEIN zum Ponykarussell auf dem hannoverschen Schützenfest / allen Volksfesten","https://www.openpetition.de/petition/online/ein-klares-nein-zum-ponykarussel-auf-dem-hannoverschen-schuetzenfest",72
"

DB-Servicestelle im Bahnhof Rüdesheim am Rhein erhalten!","https://www.openpetition.de/petition/online/db-servicestelle-im-bahnhof-ruedesheim-am-rhein-erhalten",73
"

Anerkennung des E-Sports in Deutschland als Sportart","https://www.openpetition.de/petition/online/anerkennung-des-e-sports-in-deutschland-als-sportart",74
"

Umsteigen im Münchner Hauptbahnhof leichter machen – Bau einer zusätzlichen Bahnsteigverbindung","https://www.openpetition.de/petition/online/umsteigen-im-muenchner-hauptbahnhof-leichter-machen-bau-einer-zusaetzlichen-bahnsteigverbindung",75
"

Abschaffung von Tierversuchen","https://www.openpetition.de/petition/online/abschaffung-von-tierversuchen",76
"

Gleichstellung aller ehrenamtlicher Helfer im Rettungswesen !!!","https://www.openpetition.de/petition/online/gleichstellung-aller-ehrenamtlicher-helfer-im-rettungswesen",77
"

Kein Abriss des alten Nordbahnhofs in Bochum!","https://www.openpetition.de/petition/online/kein-abriss-des-alten-nordbahnhofs-in-bochum",78
"

Peter Brüser - Ehrenbürger der Gemeinde Wenden","https://www.openpetition.de/petition/online/peter-brueser-ehrenbuerger-der-gemeinde-wenden",79
"

Schutz der Soester Saatkrähen vor sinnlosen Vergrämungsaktionen durch Stadt und einzelne Bürger","https://www.openpetition.de/petition/online/schutz-der-soester-saatkraehen-vor-sinnlosen-vergraemungsaktionen-durch-stadt-und-einzelne-buerger",80
"

Stoppt Projekt 10 / 17! – Für eine dauerhafte Tunnellösung der Linie 10 nach Ahlem!","https://www.openpetition.de/petition/online/stoppt-projekt-10-17-fuer-eine-dauerhafte-tunnelloesung-der-linie-10-nach-ahlem",81
"

Stadtrat Wilde: Wir möchten bleiben - bitte helfen Sie uns!","https://www.openpetition.de/petition/online/stadtrat-wilde-wir-moechten-bleiben-bitte-helfen-sie-uns",82
"

fossilfreie Zukunft für Hamm – Bürgeranregung für Klimaschutz und gegen Gasbohren unterstützen","https://www.openpetition.de/petition/online/fossilfreie-zukunft-fuer-hamm-buergeranregung-fuer-klimaschutz-und-gegen-gasbohren-unterstuetzen",83
"

Petition für die Sofortige Wiedereröffnung der Polizeistation Bad Lobenstein","https://www.openpetition.de/petition/online/petition-fuer-die-sofortige-wiedereroeffnung-der-polizeistation-bad-lobenstein",84
"

StandKlimaanlage  in allen Lkws","https://www.openpetition.de/petition/online/standklimaanlage-in-allen-lkws",85
"

Keine Autobahn durch die Lechauen","https://www.openpetition.de/petition/online/keine-autobahn-durch-die-lechauen",86
"

Mehr Rechte, faire Gagen und soziale Absicherung darstellender Künstler","https://www.openpetition.de/petition/online/mehr-rechte-und-soziale-absicherung-darstellender-kuenstler",87
"

Zurückzahlen! Deutschland muss endlich seine bestehenden Kreditschulden an Griechenland begleichen.","https://www.openpetition.de/petition/online/zuruckzahlen-deutschland-muss-endlich-seine-bestehenden-kreditschulden-an-griechenland-begleichen",88
"

Erhaltung der Landeskapelle und des Landestheaters Eisenach!","https://www.openpetition.de/petition/online/erhaltung-der-landeskapelle-und-des-landestheaters-eisenach",89
"

Kein Zughalt mehr in Oberhof...nicht mit uns","https://www.openpetition.de/petition/online/kein-zughalt-mehr-in-oberhof-nicht-mit-uns",90
"

Keinen Gottesbezug in Schleswig-Holstein!","https://www.openpetition.de/petition/online/keinen-gottesbezug-in-schleswig-holstein",91
"

Die Familie Elezovikj/Mamutovska soll eine Aufenthaltserlaubnis erhalten","https://www.openpetition.de/petition/online/die-familie-elezovikj-mamutovska-soll-eine-aufenthaltserlaubnis-erhalten",92
"

Stand Klimaanlagen im LKW","https://www.openpetition.de/petition/online/stand-klimaanlagen-im-lkw",93
"

Kein 23-Meter-Bettenturm am Kronberger Bahnhof","https://www.openpetition.de/petition/online/kein-23-meter-bettenturm-am-kronberger-bahnhof",94
"

Langfristige Wiederaufnahme des Pfarramtes von Hr. Pfarrer Lindner in der Pfarrgemeinde Dermbach","https://www.openpetition.de/petition/online/wiederaufnahme-des-pfarramtes-von-hr-pfarrer-lindner-in-der-pfarrgemeinde-dermbach",95
"

DB-Fernverkehrshalt für Naumburg/Saale, Jena, Weimar und Mitteldeutschland","https://www.openpetition.de/petition/online/db-fernverkehrshalt-fuer-naumburg-saale-jena-weimar-und-mitteldeutschland",96
"

Bürgerinitiative gegen die Asphaltmischanlage Taben-Rodt","https://www.openpetition.de/petition/online/burgerinitiative-gegen-die-asphaltmischanlage-taben-rodt",97
"

Rettet Juni - Ein Herz für Juni!","https://www.openpetition.de/petition/online/rettet-juni",98
"

Wir wollen einen sofortigen BAUSTOPP von MASSENUNTERKÜNFTEN zur Erstaufnahme von Flüchtlingen.","https://www.openpetition.de/petition/online/wir-wollen-einen-sofortigen-baustopp-von-massenunterkunften-zur-erstaufnahme-von-fluchtlingen",99
"

Verbannt die Ponykarusselle aus Speyer!","https://www.openpetition.de/petition/online/verbannt-die-ponykarusselle-aus-speyer",100
"

Dem Sachgebietsleiter der Ausländerbehörde Sömmerda umgehend kündigen!","https://www.openpetition.de/petition/online/dem-sachgebietsleiter-der-auslaenderbehoerde-soemmerda-unwiderruflich-kuendigen",101
"

Kostenfreiheit Schulweg Bayern","https://www.openpetition.de/petition/online/kostenfreiheit-schulweg-bayern",102
"

Sofortige Einstellung der Straßenneuplanung für eine B27 rund um Eglosheim, H4B4 genannt","https://www.openpetition.de/petition/online/sofortige-einstellung-der-strassenneuplanung-fuer-eine-b27-rund-um-eglosheim-h4b4-genannt",103
"

Gartenschwimmbad Bad Neuenahr-Ahrweiler, geschlossen für immer? Ich bin dagegen!","https://www.openpetition.de/petition/online/gartenschwimmbad-bad-neuenahr-ahrweiler-geschlossen-fuer-immer-ich-bin-dagegen",104
"

Nein zum Abriss des ehemaligen Krankenhauses in Hohen Neuendorf","https://www.openpetition.de/petition/online/nein-zum-abiss-des-ehemaligen-krankenhauses-in-hohen-neuendorf",105
"

Baumerhalt am Liechtensteinpark in Wien","https://www.openpetition.de/petition/online/baumerhalt-am-lichtensteinpark-in-wien",106
"

Hundekotentsorgung durch Hundehalter","https://www.openpetition.de/petition/online/hundekotentsorgung-der-hundehalter",107
"

Volkstheater in die Großmarkthalle,  200 Wohnungen mehr in den Viehhof!","https://www.openpetition.de/petition/online/volkstheater-in-die-grossmarkthalle-200-wohnungen-mehr-in-den-viehhof",108
"

Erhalt städtischer Bäder der Stadt Pforzheim","https://www.openpetition.de/petition/online/erhalt-staedischer-baeder-der-stadt-pforzheim",109
"

Wölfe - Kein Töten dieser wundervollen Geschöpfe","https://www.openpetition.de/petition/online/woelfe-kein-toeten-dieser-wundervollen-geschoepfe",110
"

""Erhalt der Institution"" / Kultkneipe Jazz-Galerie","https://www.openpetition.de/petition/online/erhalt-der-institution-kultkneipe-jazz-galerie",111
"

Zeitarbeit verbieten - Sie dient nur der Ausbeutung","https://www.openpetition.de/petition/online/zeitarbeit-verbieten-sie-dient-nur-der-ausbeutung",112
"

Kosovaren kämpfen gegen Einbürgerungshürden in Bayern und Sachsen","https://www.openpetition.de/petition/online/kosovaren-kaempfen-gegen-einbuergerungshuerden-in-bayern-und-sachsen",113
"

Umsetzung in allen Schulen, vorzugsweise in der Grundschule, Unterricht auf Haustierbetreuung","https://www.openpetition.de/petition/online/umsetzung-in-allen-schulen-vorzugsweise-in-der-grundschule-unterricht-auf-haustierbetreuung",114
"

Wir wollen unseren Hundestrand zurück -Keine Leinenpflicht! (Cuxhaven Sahlenburg)","https://www.openpetition.de/petition/online/wir-wollen-unseren-hundestrand-zurueck-cuxhaven-sahlenburg",115
"

Stoppt den geplanten Abriss der Offizierssiedlung in Mannheim-Käfertal - Part II","https://www.openpetition.de/petition/online/stoppt-den-geplanten-abriss-der-offizierssiedlung-in-mannheim-kaefertal-part-ii",116
"

Abstellen der Ampelanlage am Opel-Kreisel","https://www.openpetition.de/petition/online/abstellen-der-ampelanlage-am-opel-kreisel",117
"

Petition zur Verhinderung der Abschiebung der Familie Korreshi","https://www.openpetition.de/petition/online/petition-zur-verhinderung-der-abschiebung-der-familie-korreshi",118
"

Keine Windkraft im Emmertal","https://www.openpetition.de/petition/online/keine-windkraft-im-emmerthal",119
"

Bleiberecht für alle Musiker des Roma Balkan Express!","https://www.openpetition.de/petition/online/bleiberecht-fuer-alle-musiker-des-roma-balkan-express",120
"

Petition gegen die Abordnungen der Sonderpädadogen an der Gemeinschaftsgrundschule Hebbelstraße","https://www.openpetition.de/petition/online/petition-gegen-die-abordnungen-der-sonderpaedadogen-an-der-gemeinschaftsgrundschule-hebbelstrasse",121
"

Für den Erhalt der gebundenen Ganztagsschule in Stuttgart-Süd","https://www.openpetition.de/petition/online/fuer-den-erhalt-der-gebundenen-ganztagsschule-in-stuttgart-sued",122
"

Umsetzung einer Katzenschutzverordnung für den Landkreis Neuwied","https://www.openpetition.de/petition/online/umsetzung-einer-katzenschutzverordnung-fuer-den-landkreis-neuwied",123
"

Sigmar Gabriel, bitte finden Sie eine soziale Lösung und retten Sie 16.000 Arbeitsplätze!","https://www.openpetition.de/petition/online/sigmar-gabriel-bitte-finden-sie-eine-soziale-loesung-und-retten-sie-16-000-arbeitsplaetze",124
"

Doberschwitzer Legebatterie stoppen, keine  Subventionsgelder für Massentierhaltungsanlagen","https://www.openpetition.de/petition/online/industrielle-massentierhaltung-stoppen-keine-subventionsgelder-mehr-fuer-solche-anlagen",125
"

Sammy Will zu seinem Herrchen  Maik Wiedow Zurück","https://www.openpetition.de/petition/online/sammy-will-zu-sein-besitzern-maik-wiedow-zurueck",126
"

Zukunft des Universitätssports","https://www.openpetition.de/petition/online/zukunft-vom-unisportzentrum-fitness-und-kraftsport",127
"

Gegen die Stromtrasse SuedLink in Schauenburg","https://www.openpetition.de/petition/online/gegen-die-stromtrasse-suedlink-in-schauenburg",128
"

Krankenhaus-Reform? So nicht!","https://www.openpetition.de/petition/online/krankenhaus-reform-so-nicht",129
"

Elektrosensible schützen !  Nicht alle Funklöcher schließen !","https://www.openpetition.de/petition/online/nicht-alle-funkloecher-schliessen-ausnahmen-fuer-elektrosensible-belassen",130
"

Legale Zugangswege in die EU schaffen - Inhaftierung, Abschiebung und das Sterben verhindern!","https://www.openpetition.de/petition/online/legale-zugangswege-in-die-eu-schaffen-inhaftierung-abschiebung-und-das-sterben-verhindern",131
"

Hundewiese für Regensburg und Umgebung","https://www.openpetition.de/petition/online/hundewiese-fuer-regensburg-und-umgebung",132
"

Keine Abschiebung für den Lebensretter Hassan Yahya (Freiburg-Weingarten)","https://www.openpetition.de/petition/online/keine-abschiebung-fuer-den-lebensretter-hassan-yahya-freiburg-weingarten",133
"

BCD Travel – ein NEIN zu Standortschließungen in Hannover und Celle!","https://www.openpetition.de/petition/online/bcd-travel-ein-nein-zu-standortschliessungen-in-hannover-und-celle",134
"

Erhalt der Integrations-KiTA ""Am Königswald"", Dörnichtweg 34, 01109 Dresden-keine Schließung 2018!","https://www.openpetition.de/petition/online/erhalt-der-intergrations-kita-am-koenigswald-doernichtweg-34-01109-dresden-keine-schliessung-2018",135
"

Petition zur Verbesserung der Situation von Lehrbeauftragten der Eberhard Karls Universität Tübingen","https://www.openpetition.de/petition/online/petition-zur-verbesserung-der-situation-von-lehrbeauftragten-der-eberhard-karls-universitat-tubingen",136
"

Hilfe für den Marktkauf in Ahlen!","https://www.openpetition.de/petition/online/hilfe-fuer-den-marktkauf-in-ahlen",137
"

Wiederzulassung der theoretischen Fahrerlaubnis-Prüfung in arabischer Sprache","https://www.openpetition.de/petition/online/wiederzulassung-der-theoretischen-fahrerlaubnis-pruefung-in-arabischer-sprache",138
"

Bitte sorgen Sie dafür, dass unser Kinderhaus endlich saniert/neu gebaut wird!","https://www.openpetition.de/petition/online/herr-gastberger-einsturzgefahr-sorgen-sie-dafuer-dass-unser-kinderhaus-saniert-neu-gebaut-wird",139
"

Bettina Halbey soll in ihrer Wohnung bleiben dürfen - Für eine sofortige Rücknahme der Kündigung!","https://www.openpetition.de/petition/online/bettina-halbey-soll-in-ihrer-wohnung-bleiben-duerfen-fuer-eine-sofortige-ruecknahme-der-kuendigung",140
"

Betreuungsgeld und Erziehungsfreiheit erhalten!","https://www.openpetition.de/petition/online/betreuungsgeld-und-erziehungsfreiheit-erhalten",141
"

Gegen die Veränderung des gültigen Bebauungsplans für Windenergieanlagen in Meckenheim und Rheinbach","https://www.openpetition.de/petition/online/gegen-die-veranderung-des-gultigen-bebauungsplans-fur-windenergieanlagen-in-meckenheim-und-rheinbach",142
"

Hundeplatz für Erftstadt","https://www.openpetition.de/petition/online/hundeplatz-fuer-erftstadt",143
"

Fahrradwege für die Gemeinde Grasbrunn","https://www.openpetition.de/petition/online/fahrradwege-fuer-die-gemeinde-grasbrunn",144
"

Damit KiTa - Plätze in Rheine bezahlbar bleiben!","https://www.openpetition.de/petition/online/damit-kita-plaetze-in-rheine-bezahlbar-bleiben",145
"

#AUSLAGENERSATZ streichen!","https://www.openpetition.de/petition/online/auslagenersatz-streichen",146
"

Für gute Arbeits- und Beschäftigungsbedingungen in der Erziehungswissenschaft!","https://www.openpetition.de/petition/online/fuer-gute-arbeits-und-beschaeftigungsbedingungen-in-der-erziehungswissenschaft",147
"

Öffnet den Flughafen Tempelhof für das Deutsch-Amerikanische Volksfest!","https://www.openpetition.de/petition/online/oeffnet-den-flughafen-tempelhof-fuer-das-deutsch-amerikanische-volksfest",148
"

Erhalt des Karmelitenklosters in Straubing","https://www.openpetition.de/petition/online/erhalt-des-karmelitenklosters-in-straubing",149
"

Dauerhafte Kontrollen an der B229 Talstraße Lüdenscheid-Wir wollen keine weiteren Verkehrstoten !","https://www.openpetition.de/petition/online/dauerhafte-kontrollen-an-der-b229-talstrasse-luedenscheid-wir-wollen-keine-weiteren-verkehrstoten",150
"

Schutz von renaturierter Isar und Natur am Flaucher vor Müll und übermäßiger Freizeitnutzung","https://www.openpetition.de/petition/online/schutz-von-renaturierter-isar-und-natur-am-flaucher-vor-muell-und-uebermaessiger-freizeitnutzung",151
"

Das Delitzscher Elberitzbad am traditionellen Standort erhalten und ausbauen!","https://www.openpetition.de/petition/online/das-delitzscher-elberitzbad-am-traditionellen-standort-erhalten-und-ausbauen",152
"

Die Sächsischen Kletterregeln müssen den Wünschen der Kletterer entsprechen!","https://www.openpetition.de/petition/online/die-saechsischen-kletterregeln-muessen-den-wuenschen-der-kletterer-entsprechen",153
"

Bürgerentscheid zum Thema Asylunterbringung/Königsteineschlüssel der Stadt Frankenberg","https://www.openpetition.de/petition/online/buergerentscheid-zum-thema-asylunterbringung-koenigsteineschluessel-der-stadt-frankenberg",154
"

Ebay Abzocke - Gebühr auf Portokosten","https://www.openpetition.de/petition/online/ebay-abzocke-gebuhr-auf-portokosten",155
"

Soziale Wohnraumförderung als fester Bestandteil der Ulmer Stadtentwicklung!","https://www.openpetition.de/petition/online/wohnen-ist-menschenrecht-soziale-wohnraumfoerderung-als-fester-bestandteil-ulmer-stadtentwicklung",156
"

Tageszeitlich unbegrenzte Sozialtickets für den öffentlichen Nahverkehr im Landkreis Aschaffenburg","https://www.openpetition.de/petition/online/tageszeitlich-unbegrenztes-sozialtickets-fuer-den-oeffentlichen-nahverkehr-im-landkreis-aschaffenbur",157
"

Gerechte Herabsetzung der Wucher - Fahrpreise der VAG Nürnberg","https://www.openpetition.de/petition/online/gerechte-herabsetzung-der-wucher-fahrpreise-der-vag-nurnberg",158
"

Wir wollen Mode ohne Hund und Hase","https://www.openpetition.de/petition/online/wir-wollen-mode-ohne-hund-und-hase",159
"

Der ""Franziskaner"" muss bleiben!","https://www.openpetition.de/petition/online/der-franziskaner-muss-bleiben",160
"

Mehr Platz für die Jugend","https://www.openpetition.de/petition/online/mehr-platz-fuer-die-jugend",161
"

mehr Personal in Kitas für eine bessere Betreuung und Förderung unserer Kinder","https://www.openpetition.de/petition/online/mehr-personal-in-kitas-fuer-eine-bessere-betreuung-und-foerderung-unserer-kinder",162
"

Aktion gegen die Nachtabschaltung der Laternen in Meerbusch (Rhein-Kreis Neuss)","https://www.openpetition.de/petition/online/aktion-gegen-die-nachtabschaltung-der-laternen-in-meerbusch-rhein-kreis-neuss",163
"

Gerechte Elternbeiträge in der Kinderbetreuung für alle Familien!","https://www.openpetition.de/petition/online/keine-ein-kind-politik-in-springe-keine-gebuehrenerhoehung-fuer-kinderreiche-familien",164
"

Gedenken an den Nobede","https://www.openpetition.de/petition/online/gedenken-an-den-nobede",165
"

Bahn-Streik Nein Danke! Für ein automatisches Fahrsystem - ohne GDL - ohne Stillstand","https://www.openpetition.de/petition/online/bahn-streik-nein-danke-fur-ein-automatisches-fahrsystem-ohne-gdl-ohne-stillstand",166
"

Verkehrs-Infarkt im Kreis Birkenfeld verhindern – Lebensader B 41 ausbauen: Jetzt!","https://www.openpetition.de/petition/online/verkehrs-infarkt-im-kreis-birkenfeld-verhindern-lebensader-b-41-ausbauen-jetzt",167
"

Begrünungs-/Urban-Gardeningfläche auf dem Koberg","https://www.openpetition.de/petition/online/begruenungs-urban-gardeningflaeche-auf-dem-koberg",168
"

GEGEN 5% ERHÖHUNG - für faire Kinderbetreuungskosten in Ostfildern","https://www.openpetition.de/petition/online/gegen-5-erhohung-fur-faire-kinderbetreuungskosten-in-ostfildern",169
"

Rückerstattung von KITA-Gebühren nach 4 Wochen Streik","https://www.openpetition.de/petition/online/rueckerstattung-von-kita-gebuehren-nach-4-wochen-streik",170
"

Kein Gift mehr im Essen ! Chlorverbindungen, Aromaten, Acrylamid, Transfette, nein danke!","https://www.openpetition.de/petition/online/kein-gift-mehr-im-essen-chlorverbindungen-aromaten-acrylamid-transfette-nein-danke",171
"

1 % vom 1 % - ""Reichenbesteuerung"" für Flüchtlingshilfe!","https://www.openpetition.de/petition/online/1-vom-1-reichenbesteuerung-fuer-fluechtlingshilfe",172
"

Eine Änderung des Gesetzes das verbietet Taschenlampen an Airsoftwaffen zu montieren.","https://www.openpetition.de/petition/online/eine-aenderung-des-gesetzes-das-verbietet-taschenlampen-an-airsoftwaffen-zu-montieren",173
"

Verkehrsgefahr in München-Allach","https://www.openpetition.de/petition/online/verkehrsgefahr-in-allach",174
"

Schulwegbeleuchtung zwischen Moitzfeld und Herkenrath (Dr. Müller-Frank-Str.)","https://www.openpetition.de/petition/online/schulwegbeleuchtung-zwischen-moitzfeld-und-herkenrath-dr-muller-frank-str",175
"

Fussballzentrum Jetzt !!!","https://www.openpetition.de/petition/online/fussballzentrum-jetzt",176
"

Nein zur Schließung der Landesfeuerwehrschulen in Niedersachsen","https://www.openpetition.de/petition/online/nein-zur-schliessung-der-landesfeuerwehrschulen-in-niedersachsen",177
"

Herr OB Kämpfer, bitte setzten Sie sich für die Interessen der Bewohner des Kieler Grüngürtels ein!","https://www.openpetition.de/petition/online/herr-ob-kampfer-bitte-setzten-sie-sich-fur-die-interessen-der-bewohner-des-kieler-grungurtels-ein",178
"

Eine Disco in Steinfurt / Eine für Alle - Alle für Eine / Bist du dabei?","https://www.openpetition.de/petition/online/eine-disco-in-steinfurt-eine-fuer-alle-alle-fuer-eine-bist-du-dabei",179
"

Aufhebung der Ferienreiseverordnung / FerReisV 1985","https://www.openpetition.de/petition/online/aufhebung-der-ferienreiseverordnung-ferreisv-1985",180
"

Gegen eine Hähnchenmastanlage in Hardegsen/Hevensen","https://www.openpetition.de/petition/online/gegen-eine-haehnchenmastanlage-in-hardegsen-hevensen",181
"

Rahmenstaatsvertrag der Gebüreneinzugszentrale ( GEZ) zum 31. Dezember 2016 kündigen","https://www.openpetition.de/petition/online/rahmenstaatsvertrag-zum-31-dezember-2016-kundigen",182
"

Rettet das Milchhäusla","https://www.openpetition.de/petition/online/rettet-das-milchhaeusla",183
"

Keine Ehrung für Nazi-Zoodirektor","https://www.openpetition.de/petition/online/keine-ehrung-fuer-nazi-zoodirektor",184
"

Für einen sicheren Ausbau des Feldatalradweges  auf der Bahntrasse im Bereich Diedorf","https://www.openpetition.de/petition/online/fur-einen-sicheren-ausbau-des-feldatalradweges-auf-der-bahntrasse-im-bereich-diedorf",185
"

Dietmar Nietan, stoppen Sie die Existenzgefährdung der Zeitungszusteller!","https://www.openpetition.de/petition/online/dietmar-nietan-stoppen-sie-die-existenzgefaehrdung-der-zeitungszusteller",186
"

Lebensmittel für Bedürftige","https://www.openpetition.de/petition/online/lebensmittel-reste-fuer-beduerftige",187
"

Polizeiwache Schönenberg-Kübelberg wieder an 7 Tage 24 Stunden besetzen","https://www.openpetition.de/petition/online/polizeiwache-schoenenberg-kuebelberg-wieder-an-7-tage-24-stunden-besetzen",188
"

Ich fordere hiermit den deutschen Bundestag auf gegen weitere Griechenland-Hilfen zu stimmen!","https://www.openpetition.de/petition/online/ich-fordere-hiermit-den-deutschen-bundestag-auf-gegen-weitere-griechenland-hilfen-zu-stimmen",189
"

Kein Ponyreiten auf dem Rodenkircher Markt","https://www.openpetition.de/petition/online/kein-pony-reiten-auf-dem-rodenkirchner-mark",190
"

Für politisch strikte Transparenz statt Schweigen zu Verfahrenspraktiken im Windenergiesektor","https://www.openpetition.de/petition/online/schluss-mit-dem-schweigen-der-politik-zu-krummen-geschaften-in-der-windenergiewirtschaft",191
"

Abschaffung der Höchstgrenzen für die Krankenversicherung der Studierenden","https://www.openpetition.de/petition/online/abschaffung-anderung-des-hochstalters-fur-die-krankenversicherung-der-studenten",192
"

Verhinderung eines Alkoholverbots in der Erfurter Innenstadt","https://www.openpetition.de/petition/online/verhinderung-eines-alkoholverbots-in-der-erfurter-innenstadt",193
"

Verhindern Sie die Schließung von ""Salateria Rheincenter Weiden"" in Köln!","https://www.openpetition.de/petition/online/verhindern-sie-die-schliessung-von-salateria-rheincenter-weiden-in-koeln",194
"

Gegen weitere geplante Preiserhöhungen der Deutschen Bahn","https://www.openpetition.de/petition/online/gegen-weitere-geplante-preiserhoehungen-der-deutschen-bahn",195
"

Bürgerwillen akzeptieren nicht ignorieren Rot/Rot/Grüne Fraktionen wieder an die Leine nehmen","https://www.openpetition.de/petition/online/burgerwillen-akzeptieren-nicht-ignorieren-rot-rot-grune-fraktionen-wieder-an-die-leine-nehmen",196
"

Rettungsgasse kann Leben retten, Rettungsgasse-bilden,","https://www.openpetition.de/petition/online/rettungsgasse-kann-leben-retten-rettungsgasse-bilden",197
"

Erhalt der Terrasse von ""Urfa Class"" - Lister Meile","https://www.openpetition.de/petition/online/erhalt-der-terrasse-von-urfa-class-lister-meile",198
"

Frühkindliche Erziehung und Betreuung, optimale Arbeitsbedingungen für eine professionelle Umsetzung","https://www.openpetition.de/petition/online/fruehkindliche-erziehung-und-betreuung-optimale-arbeitsbedingungen-fuer-eine-professionelle-umsetzun",199
"

Tunnelbauverein Unterjesingen e.V.  -  Der Tunnel ist die beste Lösung","https://www.openpetition.de/petition/online/tunnelbauverein-unterjesingen-e-v-der-tunnel-ist-die-beste-loesung",200
"

Glasfaserausbau München - Schnelles Internet für alle Münchner","https://www.openpetition.de/petition/online/glasfaserausbau-muenchen-schnelles-internet-fuer-alle-muenchner",201
"

NEIN danke zum Ponykarussell auf dem Kronacher Schützenfest!!","https://www.openpetition.de/petition/online/nein-danke-zum-ponykarussell-auf-dem-kronacher-schuetzenfest",202
"

""Bildung statt Rassismus"" - Wir brauchen politische Bildung!","https://www.openpetition.de/petition/online/bildung-statt-rassismus-wir-brauchen-politische-bildung",203
"

Stop der Baumfällungen im Kölner Süden!","https://www.openpetition.de/petition/online/stop-der-baumfaellungen-im-koelner-sueden",204
"

Gegen die Schließung / Teilschließung der Sportanlage ""Am Wasserturm"" in 16227 Eberswalde","https://www.openpetition.de/petition/online/gegen-die-schliessung-teilschliessung-der-sportanlage-am-wasserturm-in-16227-eberswalde",205
"

Gegen die Ausstrahlung tierschutzrelevanter Sendungen im deutschen Fernsehen","https://www.openpetition.de/petition/online/gegen-die-ausstrahlung-tierschutzrelevanter-sendungen-im-deutschen-fernsehen",206
"

Thema Asyl, illegale Einwanderung und Schlepperkriminalität in den Fokus nehmen!","https://www.openpetition.de/petition/online/thema-asyl-illegale-einwanderung-und-schlepperkriminalitaet-in-den-fokus-nehmen",207
"

Finanzierung der Tiersammelstelle Berlin durch das Land Berlin","https://www.openpetition.de/petition/online/finanzierung-der-tiersammelstelle-berlin-durch-das-land-berlin",208
"

Sicherstellung der kinderärztlichen Notversorgung im Nordkreis des Rhein Erft Kreises","https://www.openpetition.de/petition/online/sicherstellung-der-kinderaerztlichen-notversorgung-im-nordkreis-des-rhein-erft-kreises",209
"

Die Pflege im St. Jakobsstift muss bleiben","https://www.openpetition.de/petition/online/die-pflege-im-st-jakobsstift-muss-bleiben",210
"

Weiterleitung von 400.000 Flüchtlingen an die USA.","https://www.openpetition.de/petition/online/weiterleitung-von-400-000-fluechtlingen-an-die-usa",211
"

Rettet Rheinsteig und Welterbe - Nein zum Windpark bei Lorch/Rheingau","https://www.openpetition.de/petition/online/rettet-rheinsteig-und-welterbe-nein-zum-windpark-bei-lorch-rheingau",212
"

Kein Gift in Zuchtfisch – Verbot des Pflanzenschutzmittels Ethoxyquin als Futtermittelzusatzstoff","https://www.openpetition.de/petition/online/verbot-des-pflanzenschutzmittels-ethoxyquin-als-futtermittelzusatzstoff",213
"

Betreuungsgeld und Erziehungsfreiheit wiedereinführen!","https://www.openpetition.de/petition/online/betreuungsgeld-und-erziehungsfreiheit-wiedereinfuehren",214
"

Den See im Kurpark Mingolsheim erhalten!","https://www.openpetition.de/petition/online/den-see-im-kurpark-mingolsheim-erhalten",215
"

Die Erhaltung des Besucherbergwerks Drei Kronen & Ehrt","https://www.openpetition.de/petition/online/die-erhaltung-des-besucherbergwerks-drei-kronen-ehrt",216
"

keine weiteren Windräder im Nahebergland","https://www.openpetition.de/petition/online/keine-weiteren-windraeder-im-nahebergland",217
"

Forderung zum Verbot der Entsorgung essbarer Lebensmittel durch Supermärkte","https://www.openpetition.de/petition/online/forderung-zum-verbot-der-entsorgung-essbarer-lebensmittel-durch-supermaerkte",218
"

Der Clown muss bleiben!","https://www.openpetition.de/petition/online/der-clown-muss-bleiben",219
"

Hamburg braucht Natur! Nein zum Busbetriebshof im Alsterdorfer Gleisdreieck","https://www.openpetition.de/petition/online/hamburg-braucht-natur-nein-zum-busbetriebshof-im-alsterdorfer-gleisdreieck",220
"

Kostenlose Nutzung öffentlicher Verkehrsmittel für Flüchtlinge, Asylbewerber","https://www.openpetition.de/petition/online/kostenlose-nutzung-oeffentlicher-verkehrsmittel-fuer-fluechtlinge-asylbewerber",221
"

Tierhof LUCKY FARM Geißlingen - mehr Grünlandfläche für die Tiere bitte !","https://www.openpetition.de/petition/online/tierhof-lucky-farm-geisslingen-mehr-gruenlandflaeche-fuer-die-tiere-bitte",222
"

Chris' sein Späti darf nicht sterben!","https://www.openpetition.de/petition/online/chris-sein-spaeti-darf-nicht-sterben",223
"

Petition gegen das geplante Verbot der Sterbehilfe","https://www.openpetition.de/petition/online/petition-gegen-das-geplante-verbot-der-sterbehilfe",224
"

EU Directive 2001/51/EC ändern: Flüchtlingen die sichere Einreise ermöglichen!","https://www.openpetition.de/petition/online/eu-directive-2001-51-ec-aendern-fluechtlingen-die-sichere-einreise-ermoeglichen",225
"

24 Stunden Veröffentlichungsverbot bei Unfällen und Todesfällen","https://www.openpetition.de/petition/online/24-stunden-veroeffentlichungsverbot-bei-unfaellen-und-todesfaellen",226
"

Gastronomie Aussenbewirtschaftung in Heidelberg in den Sommermonaten bis mindestens 24 Uhr","https://www.openpetition.de/petition/online/gastronomie-aussenbewirtschaftung-in-heidelberg-in-den-sommermonaten-bis-mindestens-24-uhr",227
"

Für die Einhaltung des Dubliner Abkommens bei der Aufnahme von Flüchtlingen in der EU","https://www.openpetition.de/petition/online/fuer-die-einhaltung-des-dubliner-abkommens-bei-der-aufnahme-von-fluechtlingen-in-der-eu",228
"

Keine Patente auf Pflanzen,Tiere,Saatgut und Wasser in der EU","https://www.openpetition.de/petition/online/keine-patente-auf-pflanzen-tiere-saatgut-und-wasser-in-der-eu",229
"

Neue Regelung zum Erhalt des Betreuungsgeldes auf Landesebene","https://www.openpetition.de/petition/online/neue-regelung-zum-erhalt-des-betreuungsgeldes-auf-landesebene",230
"

Erhalt der Bensheimer Miniramp","https://www.openpetition.de/petition/online/erhalt-der-benheimer-miniramp",231
"

Dumpinglöhne bei der Stadt Leipzig? Nein, danke!","https://www.openpetition.de/petition/online/dumpingloehne-bei-der-stadt-leipzig-nein-danke",232
"

Kein neues Baugebiet ""Sälzer Weg"" in Melsungen!","https://www.openpetition.de/petition/online/kein-neues-baugebiet-saelzer-weg-in-melsungen",233
"

Verkehrschaos in Konstanz beenden","https://www.openpetition.de/petition/online/verkehrschaos-in-konstanz-beenden",234
"

Rettung des historischen Postamtes in Markneukirchen","https://www.openpetition.de/petition/online/rettung-des-historischen-postamtes-in-markneukirchen",235
"

Haltebuchten an allen Bushaltestellen!!!","https://www.openpetition.de/petition/online/haltebuchten-an-allen-bushaltestellen",236
"

Schluss mit Abzocke der Autofahrer durch erlasswidrige Radarkontrollen","https://www.openpetition.de/petition/online/schluss-mit-abzocke-der-autofahrer-durch-erlasswidrige-radarkontrollen",237
"

Mülleimer für Hundehalter in Sondershausen","https://www.openpetition.de/petition/online/muelleimer-fuer-hundehalter-in-sondershausen",238
"

Schluss mit der Papierverschwendung!","https://www.openpetition.de/petition/online/schluss-mit-der-papierverschwendung",239
"

Petition wir wollen Inuyasha zurück 2015","https://www.openpetition.de/petition/online/petition-wir-wollen-inuyasha-zurueck-2015",240
"

Kernzeitbetreuung für Grundschüler der Johannes-Kepler-Gemeinschaftsschule Magstadt","https://www.openpetition.de/petition/online/kernzeitbetreuung-fuer-grundschueler-der-johannes-kepler-gemeinschaftsschule-magstadt",241
"

DEIN Rettungsdienst wird verramscht, rette Dich selbst, er erstickt!","https://www.openpetition.de/petition/online/dein-rettungsdienst-wird-verramscht-rette-dich-selbst-er-erstickt",242
"

Frau Schwesig: Zwillinge sind 2 Kinder! Eltern sollten für jedes Kind Elterngeld erhalten!","https://www.openpetition.de/petition/online/frau-schwesig-zwillinge-sind-2-kinder-eltern-sollten-fuer-jedes-kind-elterngeld-erhalten",243
"

Einheitliche und faire Vergütung des PJs in Bayern","https://www.openpetition.de/petition/online/einheitliche-und-faire-verguetung-des-pjs-in-bayern",244
"

Einführung psychologischer Tauglichkeitsuntersuchungen für politische Entscheidungsträger","https://www.openpetition.de/petition/online/einfuehrung-psychologischer-tauglichkeitsuntersuchungen-fuer-politische-entscheidungstraeger",245
"

Haustier Transponder (Chip) soll Pflicht werden","https://www.openpetition.de/petition/online/haustier-transponder-chip-soll-pflicht-werden",246
"

Geschwindigkeitsbegrenzung und geschlossene Bahnschranke","https://www.openpetition.de/petition/online/geschwindigkeitsbegrenzung-und-geschlossene-bahnschranke",247
"

Kein Ponyreiten auf dem Michelsmarkt in Andernach!","https://www.openpetition.de/petition/online/kein-ponyreiten-auf-dem-michelsmarkt-in-andernach",248
"

Kinderkrankengeld- mehr Tage Anspruch auf Kinderkrankengeld","https://www.openpetition.de/petition/online/kinderkrankengeld-mehr-tage-anspruch-auf-kinderkrankengeld",249
"

Eine Sanierung eines Bolzplatzes für unsere Kinder und Teeanger!","https://www.openpetition.de/petition/online/eine-sanierung-eines-bolzplatzes-fuer-unsere-kinder-und-teeanger",250
"

Beitragsfreiheit: ARD, ZDF, DRadio - soll PayTV werden","https://www.openpetition.de/petition/online/beitragsfreiheit-ard-zdf-dradio-soll-paytv-werden",251
"

Produktmängel und die daraus resultierenden Kosten dürfen nicht zu Lasten des Handwerks gehen","https://www.openpetition.de/petition/online/produktmaengel-und-die-daraus-resultierenden-kosten-duerfen-nicht-zu-lasten-des-handwerks-gehen",252
"

Förderung zur Anschaffung von Elektrofahrzeugen über einen ""Elektro-Cent"" bei der Mineralölsteuer","https://www.openpetition.de/petition/online/foerderung-zur-anschaffung-von-elektrofahrzeugen-ueber-einen-elektro-cent-bei-der-mineraloelsteuer",253
"

Meine Stimme für gerechte Löhne","https://www.openpetition.de/petition/online/meine-stimme-fur-gerechte-lohne",254
"

Dringend: Steinbergen braucht  Ortsumgehungen!  23000 Autos täglich!","https://www.openpetition.de/petition/online/dringend-steinbergen-braucht-ortsumgehungen-23000-autos-taglich",255
"

Rettet das Schlössle in Haigerloch","https://www.openpetition.de/petition/online/rettet-das-schloessle-in-haigerloch",256
"

Rettet die Schwaighofbucht","https://www.openpetition.de/petition/online/rettet-die-schwaighofbucht",257
"

Errichtung eines Personenstandsarchivs für Baden-Württemberg","https://www.openpetition.de/petition/online/errichtung-eines-personenstandsarchivs-fuer-baden-wuerttemberg",258
"

Einführung eines ""Drogenführerscheins"" und von ""Drogenfachgeschäften""","https://www.openpetition.de/petition/online/einfuehrung-eines-drogenfuehrerscheins-und-von-drogenfachgeschaeften",259
"

Herr Innenminister Herrmann, nach Ihren beleidigenden Äußerungen über Vertriebene: treten Sie zurück","https://www.openpetition.de/petition/online/herr-innenminister-herrmann-nach-ihren-beleidigenden-aeusserungen-ueber-vertriebene-treten-sie-zurue",260
"

Keine Umgehungs-Trasse durch das Ammertal bei Unterjesingen!","https://www.openpetition.de/petition/online/keine-umgehungs-trasse-durch-das-ammertal-bei-unterjesingen",261
"

Oberhalb der Kirchhofstr. in Wuppertal-Sonnborn, NRW sollen keine 70 Häuser gebaut werden.","https://www.openpetition.de/petition/online/oberhalb-der-kirchhofstr-in-wuppertal-sonnborn-nrw-sollen-keine-70-haeuser-gebaut-werden",262
"

Keine weitere Kürzung beim Ansbacher Stadtbusverkehr!","https://www.openpetition.de/petition/online/keine-weitere-kuerzung-beim-ansbacher-stadtbusverkehr",263
"

Freie Wahl für die 2. Fremdsprache am Gymnasium Lilienthal und Eröffnung weiterer Spanisch Klassen.","https://www.openpetition.de/petition/online/freie-wahl-fuer-die-2-fremdsprache-am-gymnasium-lilienthal-und-eroeffnung-weiterer-spanisch-klassen",264
"

„Keine Rückkehrprämie für Flüchtlinge aus sicheren Herkunftsländern","https://www.openpetition.de/petition/online/keine-rueckkehrpraemie-fuer-fluechtlinge-aus-sicheren-herkunftslaendern-forderung-eines-wohnungspoli",265
"

Anliegerstraße für die Karpendelle","https://www.openpetition.de/petition/online/anliegerstrasse-fuer-die-karpendelle",266
"

Keine öffentlichen Mittel zur Finanzierung des Offshore-Terminals in Bremerhaven","https://www.openpetition.de/petition/online/keine-oeffentlichen-mittel-zur-finanzierung-des-offshore-terminals-in-bremerhaven",267
"

Strafbarkeit für die Anstiftung, Beihilfe und Ausgrenzung von Kindern gegenüber den Eltern","https://www.openpetition.de/petition/online/strafbarkeit-fuer-die-anstiftung-beihilfe-und-ausgrenzung-von-kindern-gegenueber-den-eltern-oder-ein",268
"

Rettet den Körsch Kinder Wasserspielplatz Plieningen Stuttgart mit Wasserleitung","https://www.openpetition.de/petition/online/eine-wasserleitung-an-den-koersch-kinder-wasserspielplatz-plieningen-stuttgart",269
"

Rettungsgasse - Pflicht zur Bildung einer Rettungsgasse und Strafen bei Nichtbeachtung","https://www.openpetition.de/petition/online/rettungsgasse-pflicht-zur-bildung-einer-rettungsgasse-und-strafen-bei-nichtbeachtung",270
"

Aussetzung des Schießbetriebes auf dem Nato-Truppenübungsplatz Bergen-Hohne","https://www.openpetition.de/petition/online/aussetzung-des-schiessbetriebes-auf-dem-nato-truppenuebungsplatz-bergen-hohne",271
"

Osterfeuer zum Schutz von Wildtieren und heimischen Insektenarten verbieten","https://www.openpetition.de/petition/online/osterfeuer-zum-schutz-von-wildtieren-und-heimischen-insektenarten-verbieten",272
"

Änderung der Verkehrsführung Berghausener Straße/Baumberger Straße/Neustädter Straße","https://www.openpetition.de/petition/online/aenderung-der-verkehrsfuehrung-berghausener-strasse-baumberger-strasse-neustaedter-strasse",273
"

Tiere sollten als Lebewesen vor Gericht gelten und nicht als Sache","https://www.openpetition.de/petition/online/tiere-sollten-als-lebewesen-vor-gericht-gelten-und-nicht-als-sache",274
"

Abschaffung von Hartz 4 bzw. Menschenwürdige Regelsätze","https://www.openpetition.de/petition/online/abschaffung-von-hartz-4-bzw-menschenwurdige-regelsatze",275
"

ELT ohne Neuerkerode ist kein ELT","https://www.openpetition.de/petition/online/elt-ohne-neuerkerode-ist-kein-elt",276
"

Kellinghusen: Keine Zerstörung des Stadtkerns - Lidl Ausbau am derzeitigen Standort","https://www.openpetition.de/petition/online/kellinghusen-keine-zerstoerung-des-stadtkerns-lidl-ausbau-am-derzeitigen-standort",277
"

Stoppt das Flüchtlingssterben: Aylan war zuviel!","https://www.openpetition.de/petition/online/stoppt-das-fluechtlingssterben-aylan-war-zuviel",278
"

Mehrgenerationshaus in Bergheim-Oberaußem","https://www.openpetition.de/petition/online/mehrgenerationshaus-in-bergheim-oberaussem",279
"

TV Total, Schlag den Raab und Co. - Stefan Raab muss bleiben!","https://www.openpetition.de/petition/online/tv-total-schlag-den-raab-und-co-stefan-raab-muss-bleiben",280
"

ALTERSARMUT!! Rente ohne Abschlag mit 61 Jahren für schwerbehinderte Menschen","https://www.openpetition.de/petition/online/altersarmut-rente-ohne-abschlag-mit-61-jahren-fuer-schwerbehinderte-menschen",281
"

Protest gegen die Verlandung des Remscheider Stadtparkteiches. Schutz von Fauna und Flora.","https://www.openpetition.de/petition/online/protest-gegen-die-verlandung-des-remscheider-stadtparkteiches-schutz-von-fauna-und-flora",282
"

Rettung der Ludwig - Thomaschule in Dachau","https://www.openpetition.de/petition/online/rettung-der-ludwig-thomaschule-in-dachau",283
"

Liebe Regierung; Tun Sie etwas oder wir kommen! JETZT.","https://www.openpetition.de/petition/online/liebe-regierung-tun-sie-etwas-oder-wir-kommen-jetzt",284
"

Todesurteil für BÜRGERWINDPARK BARGTEHEIDE verhindern","https://www.openpetition.de/petition/online/todesurteil-fuer-buergerwindpark-bargteheide-verhindern",285
"

STOPPT DIE JAPANISCHE REGIERUNG ! STOP FUKUSHIMA Fukushimas Schleusen schliessen","https://www.openpetition.de/petition/online/stoppt-die-japanische-regierung-stop-fukushima-fukushimas-schleusen-schliessen",286
"

Kostenloser Nahverkehr --Freie Fahrt für Freie Bürger","https://www.openpetition.de/petition/online/kostenloser-nahverkehr-freie-fahrt-fuer-freie-buerger",287
"

Gleiches Geld für gleiche Arbeit","https://www.openpetition.de/petition/online/gleiches-geld-fuer-gleiche-arbeit",288
"

Erhalt der ehemaligen Gebäude der Sonnenscheinschule in Heinsberg","https://www.openpetition.de/petition/online/erhalt-der-gebaeude-der-sonnenscheinschule-in-heinsberg",289
"

Verbot der stillschweigenden automatischen Vertragsverlängerung","https://www.openpetition.de/petition/online/verbot-der-stillschweigenden-automatischen-vertragsverlaengerung",290
"

Erhalt des Verlaufs der Buslinie 1 in Hessental","https://www.openpetition.de/petition/online/erhalt-des-verlaufs-der-buslinie-1-in-hessental",291
"

Vermehrte Einstellungen von Polizeieinsatzkräften in Berlin Reinickendorf bzw.Gesamt-Berlin","https://www.openpetition.de/petition/online/vermehrte-einstellungen-nvon-polizeieinsatzkraeften-in-berlin-reinickendorf",292
"

Reduzierung der Belegung in der LEA Meßstetten & Schließung 2016","https://www.openpetition.de/petition/online/reduzierung-der-belegung-in-der-lea-messstetten-schliessung-2016",293
"

Inkasso-Verstöße wirksam verfolgen und bestrafen","https://www.openpetition.de/petition/online/inkasso-verstoesse-wirksam-verfolgen-und-bestrafen",294
"

Kleinräumige Unterbringung der Asylsuchenden in der Gemeinschaftsunterkunft in Obernburg am Main","https://www.openpetition.de/petition/online/kleinraeumige-unterbringung-der-asylsuchenden-in-der-gemeinschaftsunterkunft-in-obernburg-am-main",295
"

Erhalt der Kleingartenanlage Saaletal e.V. Halle/Saale-Lettin gegründet 1932","https://www.openpetition.de/petition/online/erhalt-der-kleingartenanlage-saaletal-e-v-halle-saale-lettin-gegruendet-1932",296
"

Dashboardkamera für Einsatzfahrzeuge des Rettungsdienstes, des Katastrophenschutzes u. der Feuerwehr","https://www.openpetition.de/petition/online/dashboardkamera-fur-einsatzfahrzeuge-des-rettungsdienstes-des-katastrophenschutzes-u-der-feuerwehr",297
"

Kindererziehungszeiten als Vorversicherungszeiten für Rentenkrankenversicherung (KVdR) anerkennen!","https://www.openpetition.de/petition/online/kindererziehungszeiten-als-vorversicherungszeiten-fur-rentenkrankenversicherung-kvdr-anerkennen",298
"

Kein Fraking","https://www.openpetition.de/petition/online/kein-fraking",299
"

Spielplatz im Ringelhausen III Gebiet Laupheim","https://www.openpetition.de/petition/online/spielplatz-im-ringelhausen-iii-gebiet-laupheim",300
"

UNO - die Menschheit fordert endlich und für immer den Weltfrieden - tut endlich was!","https://www.openpetition.de/petition/online/uno-die-menschheit-fordert-endlich-und-fuer-immer-den-weltfrieden-tut-endlich-was",301
"

Petition für den Erhalt bzw. die Rückgewinnung des Mecklenburger Dorfes in Berlin-Köpenick","https://www.openpetition.de/petition/online/petition-fuer-den-erhalt-bzw-die-rueckgewinnung-des-mecklenburger-dorfes-in-berlin-koepenick",302
"

Sicherheitsdienste gegen Giftköderausleger in Schleswig Holstein","https://www.openpetition.de/petition/online/sicherheitsdienste-gegen-giftkoederausleger-in-schleswig-holstein",303
"

Synchronsprecher von Digimon Adventure 1&2 für Digimon Adventure Tri","https://www.openpetition.de/petition/online/synchronsprecher-von-digimon-adventure-12-fur-digimon-adventure-tri",304
"

Gesetzesinitiative zur Einführung der Mindestwahlbeteiligung bei den Wahlen zum Deutschen Bundestag","https://www.openpetition.de/petition/online/gesetzesinitiative-zur-einfuehrung-der-mindestwahlbeteiligung-bei-den-wahlen-zum-deutschen-bundestag",305
"

Für ein giftfreies Görschitztal - gegen Blaukalk und Müllverbrennung","https://www.openpetition.de/petition/online/fuer-ein-giftfreies-goerschitztal-gegen-blaukalk-und-muellverbrennung",306
"

Ansbach braucht einen Sprungturm","https://www.openpetition.de/petition/online/ansbach-braucht-einen-sprungturm",307
"

Erhalt der Aussenstelle des Landratsamtes Bad Lobenstein","https://www.openpetition.de/petition/online/erhalt-der-aussenstelle-des-landratsamtes-bad-lobenstein",308
"

Keine Erhöhung Des Portos","https://www.openpetition.de/petition/online/keine-erhoehung-des-portos",309
"

Volksverhetzung auf Facebook beenden","https://www.openpetition.de/petition/online/volksverhetzung-auf-facebook-beenden",310
"

Verbot von KPD Symbolen","https://www.openpetition.de/petition/online/verbot-von-kpd-symbolen",311
"

Wir fordern den Ausbau der anonymen Spurensicherung für Gewaltopfer in Niedersachsen.","https://www.openpetition.de/petition/online/wir-fordern-den-ausbau-der-anonymen-spurensicherung-fuer-gewaltopfer-im-landkreis-hameln-pyrmont",312
"

Flüchtlingsheime auch in Nobelviertel wie Hamburg - Harvestehude (Sophienterrasse) !","https://www.openpetition.de/petition/online/fluechtlingsheime-auch-in-nobelviertel-wie-hamburg-harvestehude-sophienterrasse",313
"

Rettet den Verkehrskasper","https://www.openpetition.de/petition/online/rettet-den-verkehrskasper",314
"

Friedenskonferenz zu Syrien !","https://www.openpetition.de/petition/online/friedenskonferenz-zu-syrien",315
"

Forschung für den Abbau von über 300.000 Tonnen „hoch radioaktiver Brennstäbe“ fördern","https://www.openpetition.de/petition/online/forschung-fur-den-abbau-von-hoch-radioaktive-brennstabe-fordern",316
"

Kostenlose Bildung und Betreuung aller Kinder und Jugendlicher","https://www.openpetition.de/petition/online/kostenlose-bildung-und-betreuung-aller-kinder-und-jugendlicher",317
"

Rasstisten, Nazis und Rechte ausweisen","https://www.openpetition.de/petition/online/rasstisten-nazis-und-rechte-ausweisen",318
"

Wer Maximal 45 Jahre in die Rentenkasse Eingezahlt hat, sollte ohne Abzüge in Rente gehen können. Eg","https://www.openpetition.de/petition/online/wer-maximal-45-jahre-in-die-rentenkasse-eingezahlt-hat-sollte-ohne-abzuege-in-rente-gehen-koennen-eg",319
"

BAYERN 3 Nightlife ""Classic Rock"" darf nicht abgesetzt werden!","https://www.openpetition.de/petition/online/bayern-3-nightlife-classic-rock-darf-nicht-abgesetzt-werden",320
"

Volle 12 Monate Kindergartenbeitragsfreiheit auch für ""Kann-Kinder"" in NRW","https://www.openpetition.de/petition/online/volle-12-monate-kindergartenbeitragsfreiheit-auch-fuer-kann-kinder-in-nrw",321
"

Weinstand am Fischtorplatz / Rheinufer dauerhaft einrichten","https://www.openpetition.de/petition/online/weinstand-am-fischtorplatz-rheinufer-dauerhaft-einrichten",322
"

NEIN zum Neubaugebiet ""Hochstädter Feld OST"" !","https://www.openpetition.de/petition/online/nein-zum-neubaugebiet-hochstaedter-feld-ost",323
"

ZONTA SAYS NO. Zonta sagt Nein zu Gewalt gegen Frauen. Ja zur „Istanbul Convention“*.","https://www.openpetition.de/petition/online/zonta-says-no-zonta-sagt-nein-zu-gewalt-gegen-frauen-ja-zur-istanbul-convention",324
"

White Angel Tipidorf Projekt","https://www.openpetition.de/petition/online/white-angel-tipidorf-projekt",325
"

#StayKuba","https://www.openpetition.de/petition/online/staykuba",326
"

Mehr Organisation für die Buslinie R61 (Vredener Schulverkehr am Morgen)","https://www.openpetition.de/petition/online/mehr-organisation-fuer-die-buslinie-r61-vredener-schulverkehr-am-morgen",327
"

Parkplatzsuchende gegen Neudorfer Schildbürgerstreich","https://www.openpetition.de/petition/online/parkplatzsuchende-gegen-neudorfer-schildbuergerstreich",328
"

Nicole Köster zurück auf Rock am Ring !","https://www.openpetition.de/petition/online/nicole-koester-zurueck-auf-rock-am-ring",329
"

Wahlrecht für Deutsche aus dem Ausland vereinfachen","https://www.openpetition.de/petition/online/demokratisches-grundrecht-fuer-deutsche-im-ausland-in-gefahr",330
"

Einführung des Lehrfaches Menschenkunde in allgemeinbildenden Schulen","https://www.openpetition.de/petition/online/einfuhrung-des-lehrfaches-menschenkunde-in-allgemeinbildenden-schulen",331
"

Kennzeichnungspflicht","https://www.openpetition.de/petition/online/kennzeichnungspflicht",332
"

Anerkennung der Berufsbezeichnung Sozialbetreuer nach Paragraph 45a und 87b","https://www.openpetition.de/petition/online/anerkennung-der-berufsbezeichnung-sozialbetreuer-nach-paragraph-45a-und-87b",333
"

Denkmalschutz für Neu Gorbitz","https://www.openpetition.de/petition/online/denkmalschutz-fuer-neu-gorbitz",334
"

Feststehende Blitzgeräte müssen aus der Ferne gut sichtbar sein!","https://www.openpetition.de/petition/online/feststehende-blitzgeraete-muessen-aus-der-ferne-gut-sichtbar-sein",335
"

Zweiklassenbehandlung bei der anwaltlichen Beratungskostenhilfe stoppen!","https://www.openpetition.de/petition/online/zweiklassenbehandlung-bei-der-anwaltlichen-beratungskostenhilfe-stoppen",336
"

Freie fahrt für Gehbehinderte (auch in ICE und konsorten)","https://www.openpetition.de/petition/online/freie-fahrt-fur-gehbehinderte-auch-in-ice-und-konsorten",337
"

Schnelleres Internet für Cappel","https://www.openpetition.de/petition/online/schnelleres-internet-fuer-cappel",338
"

Waffenstillstand im Jemen","https://www.openpetition.de/petition/online/waffenstillstand-im-jemen",339
"

Die Rutsche muss bleiben – Holzspielplatz erhalten!!!","https://www.openpetition.de/petition/online/die-rutsche-muss-bleiben-holzspielplatz-erhalten",340
"

Verschiebung der Sommerferien in Baden Württemberg","https://www.openpetition.de/petition/online/verschiebung-der-sommerferien-in-baden-wuerttemberg",341
"

Sendung mit der Maus auf Sendeplatz 11:30Uhr","https://www.openpetition.de/petition/online/sendung-mit-der-maus-auf-sendeplatz-11-30uhr",342
"

Führerschein Klasse B soll A1 beinhalten","https://www.openpetition.de/petition/online/fuehrerschein-klasse-b-soll-a1-beinhalten",343
"

Öffnung der Grenzen für Flüchtlinge","https://www.openpetition.de/petition/online/oeffnung-der-grenzen-fuer-fluechtlinge",344
"

Sofortiger Importverbot für Pelze","https://www.openpetition.de/petition/online/sofortiger-importverbot-fuer-pelze",345
"

Panasonic/Amazon sollen ihre treuen Kunden weiterhin mit aktuellen Technologien versorgen!","https://www.openpetition.de/petition/online/panasonic-amazon-sollen-ihre-treuen-kunden-weiterhin-mit-aktuellen-technologien-versorgen",346
"

Asyl Verlängerung trotz Deutsche Post Streik","https://www.openpetition.de/petition/online/asyl-verlaengerung-trotz-deutsche-post-streik",347
"

Wieder mehr IT-Beiträge auf CHIP.de","https://www.openpetition.de/petition/online/wieder-mehr-it-beitraege-auf-chip-de",348
"

Änderungen der Anstoßzeiten in den Fußball- Amateurligen","https://www.openpetition.de/petition/online/anderunge-der-anstosszeiten-in-den-fussball-amateurligen",349
"

Gegen BAGIDA für ein friedliches Miteinander","https://www.openpetition.de/petition/online/gegen-bagida-fur-ein-friedliches-miteinander",350
"

Verlängerung der Gelbphase von Ampelanlagen von 3 auf 4 Sekunden innerorts","https://www.openpetition.de/petition/online/verlangerung-der-gelbphase-von-ampelanlagen-von-3-auf-4-sekunden-innerorts",351
"

Menschenwürdige Unterkünfte für Flüchtlinge ( mit bundesweit gültigen Mindeststandards)","https://www.openpetition.de/petition/online/menschenwuerdige-unterkuenfte-fuer-fluechtlinge-mit-bundesweit-gueltigen-mindeststandards",352
"

Aufhebung des Sonntagsverbot für Spätis / Kioske in Berlin","https://www.openpetition.de/petition/online/aufhebung-des-sonntagsverbot-fur-spatis-kioske-in-berlin",353
"

Einheitliche Bezahlkarten in ALLEN Fußball-Bundesliga-Stadien","https://www.openpetition.de/petition/online/einheitliche-bezahlkarten-in-allen-fussball-bundesliga-stadien",354
"

Englisch in allen Schulen, auch Förderschulen und sonstigen Schulen","https://www.openpetition.de/petition/online/englisch-in-allen-schulen-auch-foerderschulen-und-sonstigen-schulen",355
"

Legalisierung von Marihuana in DE","https://www.openpetition.de/petition/online/legalisierung-von-marihuana-in-de",356
"

Fairplay im deutschen Profifußball! Der Videobeweis gegen Spielmanipulation","https://www.openpetition.de/petition/online/fairplay-im-deutschen-profifussball-der-videobeweis-gegen-spielmanipulation",357
"

Frau Familienministerin, ersetzen Sie den Begriff der ""Alleinerziehenden""","https://www.openpetition.de/petition/online/frau-familienministerin-ersetzen-sie-den-begriff-der-alleinerziehenden",358
"

Samsung Galaxy Note 5 für Deutschland","https://www.openpetition.de/petition/online/samsung-galaxy-note-5-fuer-deutschland",359
"

Erweiterung des Gesetzes zur Erwerbsunfähigkeit für Schwerbehinderte.","https://www.openpetition.de/petition/online/erweiterung-des-gesetzes-zur-erwerbsunfaehig-fuer-schwerbehinderte",360
"

Wir fordern das Untersuchen des Doping-Skandals vom FK Schachtar Donezk-Spieler ""FRED""","https://www.openpetition.de/petition/online/wir-fordern-das-untersuchen-des-doping-skandals-vom-fk-schachtar-donezk-spieler-fred",361
"

Bessere finanzielle Unterstützung für die Auszubildende","https://www.openpetition.de/petition/online/bessere-finanzielle-unterstuetzung-fuer-die-auszubildende",362
"

Musikquote im Deutschen Radio","https://www.openpetition.de/petition/online/musikquote-im-deutschen-radio",363
"

Der Röderweg ist eine Gefahr","https://www.openpetition.de/petition/online/ist-der-roederweg-eine-gefahr",364
"

Wir wollen Frufoo zurück!","https://www.openpetition.de/petition/online/wir-wollen-frufoo-zurueck",365
"

Strassensanierung/Strassenerneuerung Nordring in Kamen","https://www.openpetition.de/petition/online/strassensanierung-strassenerneuerung-nordring-in-kamen",366
"

Gegen das Arbeitspapier ""Gymnasium 2020"" !","https://www.openpetition.de/petition/online/gegen-das-arbeitspapier-gymnasium-2020",367
"

Deaktiviert","https://www.openpetition.de/petition/online/offener-brief-an-ob-dr-rapp-sos-wir-ravensburger-buerger-wollen-die-schuetzentrommler-retten",368
"

Netflix Offlinemodus - Einführung eines Offlinemodus für die Smartphone Apps","https://www.openpetition.de/petition/online/netflix-offlinemodus-einfuehrung-eines-offlinemodus-fuer-die-smartphone-apps",369
"

Änderung des Arbeitsrechtes im Punkt Freistellung durch den Arbeitgeber","https://www.openpetition.de/petition/online/aenderung-des-arbeitsrechtes-im-punkt-freistellung-durch-den-arbeitgeber",370
"

Rettet den Klostergarten!","https://www.openpetition.de/petition/online/rettet-den-klostergarten",371
"

Verbot von Rauchen auf allen öffentlichen Plätzen","https://www.openpetition.de/petition/online/verbot-von-rauchen-auf-allen-oeffentlichen-plaetzen",372
"

""Stoppt die Hetze gegen den Islam!"" - ""Stop rushing against Islam!""","https://www.openpetition.de/petition/online/stoppt-die-hetze-gegen-den-islam-stop-rushing-against-islam",373
"

Senkung des Gewerbesteuerhebesatzes in Köln","https://www.openpetition.de/petition/online/senkung-des-gewerbesteuerhebesatzes-in-koeln",374
"

PETITION gegen RTL2, nicht alle maskulinen Lesben die tattoowiert sind sind asozial!!!","https://www.openpetition.de/petition/online/petition-gegen-rtl2-nicht-alle-maskulinen-lesben-die-tattoowiert-sind-sind-asozial",375
